job_id,category,title,company,location,experience,salary,skills,description,jdURL
031024502094,PHP Developer,PHP Developer,Intellinez Systems,Chandigarh,1-2 Yrs,Not disclosed,"Application support,Front end,GIT,Consulting,MySQL,Healthcare,Wellness,Web designing","View All Jobs    Apply Now      Job Role    PHP Developer    Job Location Mohali, Punjab Job Experience 1-2 years Qualification B.Tech | MCA Salary Negotiable | Best in Industry      About The Company       Intellinez Systems is an end-to-end software product development company providing cutting-edge custom product development and management solutions to its global clients leveraging modern technologies and cloud platforms. Our clients are in the USA, UK, and India and we serve multiple industries like healthcare, construction, education, and retail. Today we provide complete application development and management services to one of USA s leading healthcare recruitment brands which is responsible for 1/3rd of physician recruitment in the country.        We specialize in         Custom Application Development     SEO Content Marketing     SAAS Application Development     System Integrations Consulting     Software Consultation Implementation     Application Support Services     Managed Cloud Hosting     Mobile Application Development     Web Design Development     UI/UX Prototyping       Our corporate office is located at Mohali, India and we also have offices located at Bangalore, India       Job Summary:       We are looking for a talented and motivated PHP Developer with 1-2 years of experience to join our dynamic team. The ideal candidate should have hands-on experience in PHP frameworks such as CodeIgniter (CI3/4), WordPress customization, and basic front-end development skills. A strong understanding of OOP concepts and basic knowledge of Laravel, React, or Angular is preferred.       Key Responsibilities:         Develop and maintain web applications using Core PHP and CodeIgniter (CI3/4)     Customize WordPress themes and plugins to meet specific project requirements.     Collaborate with front-end developers and integrate user-facing elements with server-side logic.     Implement OOP (Object-Oriented Programming) principles to ensure clean and scalable code.     Work with HTML/CSS to design responsive web layouts.     Use jQuery for dynamic content and interactivity on web pages.     Gain exposure to Laravel and provide support for basic tasks within the framework.     Understand and apply basic knowledge of React or Angular for front-end integration when needed.         Skills and Qualifications:         1-2 years of experience in PHP development.     Proficiency in Core PHP and CodeIgniter (CI3/4).     Experience with customizing WordPress plugins and themes.     Strong understanding of OOP concepts.     Familiarity with jQuery, HTML, and CSS for front-end development.     Basic knowledge of React/Angular for front-end tasks.     Exposure to Laravel is a plus.     Strong problem-solving skills and attention to detail.     Good communication and teamwork abilities.         Preferred Qualifications:         Understanding of version control systems like Git.     Knowledge of MYSQL or other database systems.     Experience working in an Agile development environment is a plus.         Our Pro Employee Policies         Annual Bonus     Company sponsored trainings and certifications     Extensive medical insurance coverage.     Company sponsored wellness programs access to gym and swimming facilities.     Periodic Rewards Recognition         Why Join Intellinez Systems         Exceptional Employee Benefits.     People-Centric Work Culture     Global Exposure     Learning Opportunities     Exceptional Career Growth     Regular Rewards Recognition     Extensive Wellness Programs         How to Apply:       Interested candidates are invited to submit a resume and a cover letter outlining their qualifications and experiences, detailing how they align with the requirements of the role. Please send your application to    [email protected]         Know More   :       Know more about us      Explore our work culture      Work Benefits      Checkout our videos      Checkout our LinkedIn Page                      Developer:        Full Time",https://www.naukri.com/job-listings-php-developer-intellinez-systems-private-limited-chandigarh-1-to-2-years-031024502094
121224905297,PHP Developer,PHP Developer,TYD Ideas,Mumbai,3-5 Yrs,Not disclosed,"PHP,jQuery,Agile Management System,Confluence,HTML5,JavaScript,MySQL,MongoDB","Past experience working with clients to sell ideas, capture requirements and lead them through complex processes.   Experience working with creatives and concepting projects.   Experience in the practical application of a range of software development methodologies.   Excellent PHP5, MVC, OO Experience, LAMP, HTML5, Javascript, XML and SASS experience   Excellent MVC web applications experience   Strong Enterprise Architecture experience   A thorough, broad, innovative knowledge and understanding of the internet and emerging technologies and standards. Develop, record and maintain cutting edge web-based PHP applications on portal plus premium service platforms   Build innovative, state-of-the-art applications and collaborate with the User Experience (UX) team   Ensure HTML, CSS, and shared JavaScript is valid and consistent across applications   Prepare and maintain all applications utilizing standard development tools   Utilize backend data services and contribute to increase existing data services API   Lead the entire web application development life cycle right from concept stage to delivery and post launch support   Refactor, optimize and improve the existing codebase for maintenance and scale   Use test driven development and acceptance tests to ensure feature quality   Interface with customer and internal teams to gather requirements and develop software solutions   Convey effectively with all task progress, evaluations, suggestions, schedules along with technical and process issues   Document the development process, architecture, and standard components   Coordinate with co-developers and keeps project manager well informed of the status of development effort and serves as liaison between development staff and project manager   Keep abreast of new trends and best practices in web development   Experience in Linux Server environment   Experience of Agile Management System e.g. Jira & Confluence   Attention to detail and able to work to deadlines.   Confidence to present ideas to both colleagues and clients.   Ability to work on several projects at one time and manage workflow.   Work as part of a team but also unrepentantly.   Documenting functional and non-functional technical requirements.     Keep up-to-date with latest trends, innovations, cultures and new technical developments/changes within the industry.  PHP Developer requirements and qualifications    Previous working experience as a PHP Developer for 1 year   BS/MS in Computer Science, Engineering or a similar relevant field   User authentication and authorization between multiple systems, servers, and environments   Integration of multiple data sources and databases into one system   Familiarity with limitations of PHP as a platform and its workarounds   Proficient in PHP, HTML5, JavaScript, JQuery Expert   Experience with PHP MVC frameworks (Symfony, Kohana, CodeIgniter, Phalcon Zend, etc.)   Extensive experience with Search Engine Optimization (SEO).   Hands on Angular, couchDB and/or MongoDB   Excellent relational database skills with MySQL   Experience with building restful JSON web services   Knowledge of API's, such as twitter, Facebook, Google maps, Instagram, etc.   Understanding of responsive design frameworks such as bootstrap",https://www.naukri.com/job-listings-php-developer-tydideas-mumbai-3-to-5-years-121224905297
290623500372,PHP Developer,PHP Developer,Mobisoft Infotech,Pune,4-5 Yrs,Not disclosed,"Drupal,jQuery,Linux,Wordpress,Javascript,PHP,Windows,Joomla","Developing, deploying and maintaining PHP based web applications.                                                                                                         Create solutions for the backend systems to support millions of users.                                                                                                                                   Estimate the work efforts at varied levels and entail in design evaluation, determining the architectures, lay-out and style controls.                                                                                                                                                           Deploy the web applications on various types of production environment (Linux, Windows servers etc).                                                                                                                                                                                   Work in coordination with frontend developers in designing architecture and implement designing strategy                                                                                                                                                                                                Collaborate with people in other disciplines for the production and delivery of project deliverable.                Requirements                              Experience and Skills required:        Must have 3+ years of experience in developing web application using PHP technologies.                    Must have experience in framework- Laravel.Strong knowledge and experience in javascript and jQuery.                            Expert knowledge of SQL and database technologies.Sound                      Knowledge of web deployment concepts, web services such as REST and SOAP APIs.                                    Possess experience in developing social and location aware applications, which are scalable.                                            Prior experience in other technologies and frameworks such as Wordpress, Drupal, Magento, Joomla etc is an added advantage.        One should be willing to work in Java or Golang also after provided training.",https://www.naukri.com/job-listings-php-developer-mobisap-infotech-pune-4-to-5-years-290623500372
291124919416,PHP Developer,PHP Developer,TYD Ideas,"Mumbai, Bandra Kurla Complex",3-8 Yrs,Not disclosed,"PHP,CSS,HTML,Jquery,Phalcon,Zend,Angular,SQL","Past experience working with clients to sell ideas, capture requirements and lead them through complex processes. Experience working with creatives and concepting projects. Experience in the practical application of a range of software development methodologies. Excellent PHP5, MVC, OO Experience, LAMP, HTML5, Javascript, XML and SASS experience Excellent MVC web applications experience Strong Enterprise Architecture experience A thorough, broad, innovative knowledge and understanding of the internet and emerging technologies and standards. Develop, record and maintain cutting edge web-based PHP applications on portal plus premium service platforms Build innovative, state-of-the-art applications and collaborate with the User Experience (UX) team Ensure HTML, CSS, and shared JavaScript is valid and consistent across applications Prepare and maintain all applications utilizing standard development tools Utilize backend data services and contribute to increase existing data services API Lead the entire web application development life cycle right from concept stage to delivery and post launch support Refactor, optimize and improve the existing codebase for maintenance and scale Use test driven development and acceptance tests to ensure feature quality Interface with customer and internal teams to gather requirements and develop software solutions Convey effectively with all task progress, evaluations, suggestions, schedules along with technical and process issues Document the development process, architecture, and standard components Coordinate with co-developers and keeps project manager well informed of the status of development effort and serves as liaison between development staff and project manager Keep abreast of new trends and best practices in web development Experience in Linux Server environment Experience of Agile Management System e.g. Jira & Confluence Attention to detail and able to work to deadlines. Confidence to present ideas to both colleagues and clients. Ability to work on several projects at one time and manage workflow. Work as part of a team but also unrepentantly. Documenting functional and non-functional technical requirements.  Keep up-to-date with latest trends, innovations, cultures and new technical developments/changes within the industry.  PHP Developer requirements and qualifications  Previous working experience as a PHP Developer for 1 year BS/MS in Computer Science, Engineering or a similar relevant field User authentication and authorization between multiple systems, servers, and environments Integration of multiple data sources and databases into one system Familiarity with limitations of PHP as a platform and its workarounds Proficient in PHP, HTML5, JavaScript, JQuery Expert Experience with PHP MVC frameworks (Symfony, Kohana, CodeIgniter, Phalcon Zend, etc.) Extensive experience with Search Engine Optimization (SEO). Hands on Angular, couchDB and/or MongoDB Excellent relational database skills with MySQL Experience with building restful JSON web services Knowledge of API's, such as twitter, Facebook, Google maps, Instagram, etc. Understanding of responsive design frameworks such as bootstrap  Skills : -  PHP(Phalcon), HTML-CSS, Bootstrap, Javascript(Jquery), Problem (Bug) Solving, SQL,PHP, HTML5, PHP MVC frameworks,Symfony, Kohana, CodeIgniter, Phalcon, Zend,Angular, couchDB and/or MongoDB",https://www.naukri.com/job-listings-php-developer-tydideas-mumbai-bandra-kurla-complex-3-to-8-years-291124919416
061224913777,Application Developer,Application Developer,Accenture,Chennai,7-11 Yrs,Not disclosed,"sap,development methodologies,sql server,application development,sap plant maintenance,c++,oracle,sql","Project Role : Application Developer    Project Role Description : Design, build and configure applications to meet business process and application requirements.   Must have skills : SAP Plant Maintenance (PM)   Good to have skills : Accenture Delivery Methods (ADM) Minimum  7.5  year(s) of experience is required   Educational Qualification : 15 YEARS FULL TIME  Summary :As an Application Developer for Packaged Application Development, you will be responsible for designing, building, and configuring applications to meet business process and application requirements using SAP Plant Maintenance (PM). Your typical day will involve collaborating with cross-functional teams, analyzing business requirements, and developing solutions to meet those requirements.  Roles & Responsibilities: Design, build, and configure applications to meet business process and application requirements using SAP Plant Maintenance (PM).  Collaborate with cross-functional teams to analyze business requirements and develop solutions to meet those requirements.  Develop and maintain technical documentation related to application development.  Provide technical support and troubleshooting for applications developed. Professional & Technical Skills:  Must To Have Skills:Experience in SAP Plant Maintenance (PM).  Good To Have Skills:Experience with Accenture Delivery Methods (ADM).  Strong understanding of application development methodologies and tools.  Experience with software development life cycle (SDLC) processes.  Experience with programming languages such as ABAP, Java, or C++.  Experience with database technologies such as Oracle or SQL Server. Additional Information:  The candidate should have a minimum of 7.5 years of experience in SAP Plant Maintenance (PM).  The ideal candidate will possess a strong educational background in computer science or a related field, along with a proven track record of delivering impactful solutions.  This position is based at our Chennai office. Qualification 15 YEARS FULL TIME",https://www.naukri.com/job-listings-application-developer-accenture-solutions-pvt-ltd-chennai-7-to-11-years-061224913777
101224915218,Application Developer,Application Developer,Accenture,Hyderabad,3-7 Yrs,Not disclosed,"java,postgresql,j2ee,software engineering,sql plsql,oracle,jsp,jdbc","Project Role : Application Developer    Project Role Description : Design, build and configure applications to meet business process and application requirements.   Must have skills : Java Enterprise Edition   Good to have skills : NA   Educational Qualification : Technical graduate with relevant experience Project Role :Application Developer  Project Role Description :Design, build and configure applications to meet business process and application requirements. Must have Skills :Java Enterprise EditionGood to Have Skills : Job Requirements :Key Responsibilities :Design, build, and configure applications to meet business process and application requirements.Collaborate with cross-functional teams to identify and prioritize application requirements.Develop and maintain technical documentation related to application development.Monitoring and maintaining application.Troubleshoot and debug application issues, providing timely resolution to minimize downtime and ensure optimal performance Technical Experience :Proficiency in Java SE1.8 and SQL PLSQL. UNIX Shell Scripting, Linux. Solid understanding of software engineering principles and best practices. Experience with application development tools such as Eclipse. Experience with web application frameworks such as Spring. Experience with database technologies such as Oracle, PostgreSQL. Professional Attributes :The candidate should have a minimum of 3 years of experience in Java SE.The ideal candidate will possess a strong educational background in computer science or a related field, along with a proven track record of delivering impactful software solutions Educational Qualification:Technical graduate with relevant experience Additional Information :   Qualification   Technical graduate with relevant experience",https://www.naukri.com/job-listings-application-developer-accenture-solutions-pvt-ltd-hyderabad-3-to-7-years-101224915218
101224915759,Application Developer,Application Developer,Accenture,Bengaluru,3-8 Yrs,Not disclosed,"java,linux,j2ee,software engineering,sql plsql,oracle,jsp,jdbc","Project Role : Application Developer    Project Role Description : Design, build and configure applications to meet business process and application requirements.   Must have skills : Java Enterprise Edition   Good to have skills : NA   Educational Qualification : Technical graduate with relevant experience Project Role :Application Developer  Project Role Description :Design, build and configure applications to meet business process and application requirements. Must have Skills :Java Enterprise EditionGood to Have Skills : Job Requirements :Key Responsibilities :Design, build, and configure applications to meet business process and application requirements.Collaborate with cross-functional teams to identify and prioritize application requirements.Develop and maintain technical documentation related to application development.Monitoring and maintaining application.Troubleshoot and debug application issues, providing timely resolution to minimize downtime and ensure optimal performance Technical Experience :Proficiency in Java SE1.8 and SQL PLSQL. UNIX Shell Scripting, Linux. Solid understanding of software engineering principles and best practices. Experience with application development tools such as Eclipse. Experience with web application frameworks such as Spring. Experience with database technologies such as Oracle, PostgreSQL. Professional Attributes :The candidate should have a minimum of 3 years of experience in Java SE.The ideal candidate will possess a strong educational background in computer science or a related field, along with a proven track record of delivering impactful software solutions Educational Qualification:Technical graduate with relevant experience Additional Information :   Qualification   Technical graduate with relevant experience",https://www.naukri.com/job-listings-application-developer-accenture-solutions-pvt-ltd-bengaluru-3-to-8-years-101224915759
101224922068,Application Developer,Application Developer,Accenture,Bengaluru,3-5 Yrs,Not disclosed,"oracle bi apps,sql,database creation,microsoft windows,unix,essbase,oracle,rhel","Project Role : Application Developer    Project Role Description : Design, build and configure applications to meet business process and application requirements.   Must have skills : Oracle Hyperion Essbase   Good to have skills : Oracle Hyperion Analytic Applications, Oracle Hyperion Data Relationship Management (DRM) Minimum  3  year(s) of experience is required   Educational Qualification : BE  Summary :As an Application Developer for Custom Software Engineering, you will be responsible for designing, building, and configuring applications to meet business process and application requirements using Oracle Hyperion Essbase. Your typical day will involve collaborating with cross-functional teams, analyzing data, and developing solutions to meet business needs.  Roles & Responsibilities: Hands-on experience in End to End implementation on Oracle EPM suite products including Essbase, Planning, FDMEE, ODI , Financial reporting, DRM, Shared services, LCM, Essbase ASO  Strong Knowledge on Windows and Unix (RHEL) environments.  Good Knowledge on batch/shell scripting.  Expertise on writing Calculation scripts, Business rules, rule files, data forms,report scripts.  Expertise on database concepts and SQL.  Strong skills in debugging, looking at logs, isolate problem Professional & Technical Skills:  Must To Have Skills:Experience in Oracle Hyperion Essbase.  Good To Have Skills:Experience in Oracle Hyperion Analytic Applications and Oracle Hyperion Data Relationship Management (DRM).  Strong understanding of database concepts and SQL.  Experience in application development using Java or .NET.  Experience in developing and maintaining technical documentation.  Experience in providing technical support and troubleshooting for applications. Additional Information:  The candidate should have a minimum of 3 years of experience in Oracle Hyperion Essbase.  The ideal candidate will possess a strong educational background in computer science or a related field, along with a proven track record of delivering impactful solutions.  This position is based at our Bengaluru office. Qualification BE",https://www.naukri.com/job-listings-application-developer-accenture-solutions-pvt-ltd-bengaluru-3-to-5-years-101224922068
150623501181,Web Developer,Web Developer,Prakhar Software,Delhi,7-10 Yrs,Not disclosed,"Linux,RDBMS,MySQL,PHP,HTML,Open source,Information technology,Ajax","Education    : Engineering Graduate (BE/B. Tech) in Computer Science or Information-Technology / Information System or Electronics & Communication or Post Graduation in Computer Application or Post Graduation in Computer Science (MSc in computer Science) with minimum 7 years of experience.        Job Description          Well versed and working knowledge in the system/RDBMS Data Base architecture (SQL/Oracle/ MYSQL/ PostgreSQL).      Working knowledge of any operating systems like Apple macOS/ Microsoft Windows/ Googles Android OS/ Linux Operating System/Apple iOS.      Working knowledge of PHP /DOTNET/ JAVA / CSS, Java Script/DHTML, HTML and AJAX development techniques or any other open-source software.      Basic computer knowledge in MS-Office/Open Office, Statistical tools for auto generation of reports etc.",https://www.naukri.com/job-listings-web-developer-prakhar-software-solutions-new-delhi-7-to-10-years-150623501181
151024501693,Web Developer,Web Developer,Animpet Ecomm,Gurgaon,3-8 Yrs,Not disclosed,"cif,css,amazon vpc,jquery,sql,git,apache,linux","Job Description       Location: Sector 28, Gurgaon         Experience: 3+ Years         Salary: Upto INR 70k/month             Eligibility Criteria             Experience in using and developing Magento Shopify will be a plus.         Handling Web servers like Linux and Apache.         React/React Native frameworks.         Training and leading a team of developers.             Desired Candidate Profile             A bachelor s degree in IT, computer science, or a similar field, or equivalent industry experience.         At least 3 years of experience working as a WordPress Developer.   Knowledge of development technologies including PHP, JavaScript, HTML, jQuery, SQL, and CSS.         Knowledge of Git and other code versioning tools.         Experience in testing and debugging tools.         Understanding of website architecture and aesthetics.         Strong verbal and written communication skills.         Ability to lead and work as part of a team.         Experience in configuring handling Linux Web hosting, CDN, AWS, REST APIs and MySQL servers.             Roles and Responsibilities             Candidate should have experience in frontend backend web development.         Planning and creating the website architecture.         Having plugin development experience based on functional requirements.         Have a proven experience in WooCommerce website, theme plugin development customizations.         Managing back-end tasks like database server integration optimization.         Testing and troubleshooting the website.         Analyzing optimizing website performance.         Have a clear understanding of SEO-optimized website architecture.         Maintaining website security and compliance code optimization.         Researching technical specifications of a project based on inputs provided.         Coordination with the creative marketing team.     Required skills        AWS             CDN             PHP             Mysql              CSS             Debugging              Javascript             Html              Jquery             Rest Api              Server Management             Sql",https://www.naukri.com/job-listings-web-developer-animpet-ecomm-pvt-ltd-gurugram-3-to-8-years-151024501693
201224013846,Web Developer,Web Developer,Latinem Pvt.Ltd.,Hyderabad,6-10 Yrs,Not disclosed,"Web Development,HTML5,Javascript,PHP,CSS3,HTML,CSS,Development","Responsibilities      Build and maintain Drupal-based websites, ensuring they are scalable, secure, and  optimized for performance across different devices and platforms.    Write clean, efficient, and reusable PHP code; integrate front-end technologies such as  HTML5, CSS3, and JavaScript to build responsive and interactive web interfaces.    Design, manage, and optimize MySQL or other database systems, ensuring data integrity  and performance.    Ensure that websites load quickly and are SEO-friendly through optimization techniques  such as caching, minification, and lazy loading.    Work closely with project managers, designers, and other developers to ensure the  successful delivery of projects on time and within scope.    Identify and resolve issues related to functionality, security, and performance of websites.      Implement web security protocols and maintain an up-to-date understanding of security  risks and best practices.    Maintain thorough documentation of code, development processes, and platform  configurations for internal reference and handover.    Stay current with emerging web technologies, trends, and Drupal updates, and  continuously improve development skills and processes.        Required skills and qualifications .   • Bachelor's degree in Computer Science, Information Technology or related field (Master's  degree or relevant certifications preferred).   • Expert knowledge in Drupal architecture, modules, themes, and site-building. Proficiency  with Drupal 9/10+ and familiarity with the latest versions and features.   • Strong experience in server-side scripting and PHP development, including understanding  of object-oriented programming (OOP) principles.   • Proficiency in HTML5, CSS3, JavaScript (including frameworks like jQuery, React, or  Vue.js), and front-end frameworks (e.g., Bootstrap).   • Solid understanding of MySQL and other relational database management systems,  including designing schemas, writing complex queries, and ensuring database  optimization.   • Experience using version control systems such as Git for collaborative development.   • Knowledge of web application security practices and secure coding techniques to prevent  vulnerabilities such as XSS, SQL injection, and CSRF.   • Familiarity with website optimization techniques such as image optimization, caching, CDN  integration, and other performance improvements.   • Ability to design and implement responsive, mobile-first websites using front-end  frameworks and CSS pre-processors like SASS/LESS.   • Strong troubleshooting, debugging, and problem-solving skills.   • Excellent written and verbal communication skills, with the ability to explain technical  concepts to non-technical stakeholders.   • Excellent problem-solving and debugging skills.   • Strong communication skills and the ability to work collaboratively in a team.   • Agile development experience and familiarity with tools like Jira.   • Strong attention to detail and commitment to delivering high-quality work.   • Ability to adapt to new technologies and tools as needed.   • Experience with DevOps practices, including CI/CD pipelines.   • Knowledge of SEO best practices and web analytics tools.   • Familiarity with Agile development methodologies (Scrum, Kanban).   • Experience with cloud platforms such as AWS or Azure.   • Strong understanding of web accessibility (WCAG standards) and usability principle",https://www.naukri.com/job-listings-web-developer-latinem-pvt-ltd-hyderabad-6-to-10-years-201224013846
211224004731,Web Developer,Web Developer,Cholan Tours,Trichy,3-5 Yrs,Not disclosed,"Angular,Html/Css,Javascript,PHP,Bootstrap,Web Designing,Laravel,Vue.Js","Role & responsibilities     Familiarity with Latest JavaScript frameworks (Angular, React, Vue.js).  Strong proficiency in PHP programming and server-side scripting  Experience with popular PHP frameworks such as CodeIgniter or Laravel  Strong understanding of database design and SQL  Solid Hands-on experience in Web application Developed in PHP, MYSQL and Apache  Able to implement and write codes to good standards.  Knowledge of frond-end technologies such as HTML, CSS, and JavaScript  Familiarity with Linux, Apache and MySQL  Ability to work independently as well as part of a team  Excellent problem-solving skills and attention to details  Troubleshooting application and code issues.   Troubleshoot, test and maintain the core product software and databases to ensure strong optimization and functionality  Contribute in all phases of the development lifecycle.  Ensure cross-browser compatibility and performance optimization.  Experience with CMS platforms (WordPress...).  Understanding of SEO best practices and accessibility standards.    Preferred candidate profile     Require Immediate Joiners only  Computer Science and Information Technology Background  Experienced Candidates      Bachelors degree (or equivalent) in web design, multimedia design, or related field  Experience in applications and development  Proven success in project coordination  Experience in implementing web development workflows and operations using a variety of tools.",https://www.naukri.com/job-listings-web-developer-cholan-tours-private-limited-tiruchirapalli-3-to-5-years-211224004731
031224916856,Software Development Engineer,Software Development Engineer,Accenture,Coimbatore,3-8 Yrs,Not disclosed,"microsoft active directory,software development,oracle,microsoft azure,aws,c#,rest,css","Project Role : Software Development Engineer    Project Role Description : Analyze, design, code and test multiple components of application code across one or more clients. Perform maintenance, enhancements and/or development work.    Must have skills : Microsoft Active Directory    Good to have skills : NA Minimum    3  year(s) of experience is required    Educational Qualification : 15 years full time education   Summary :As a Software Development Engineer, you will analyze, design, code, and test multiple components of application code across one or more clients. You will perform maintenance, enhancements, and/or development work. Your typical day will involve analyzing requirements, designing software solutions, writing code, and conducting testing to ensure the quality of the application.  Roles & Responsibilities: Expected to perform independently and become an SME.  Required active participation/contribution in team discussions.  Contribute in providing solutions to work-related problems.  Collaborate with cross-functional teams to gather and analyze requirements.  Design and develop software solutions based on client needs.  Write clean, efficient, and maintainable code.  Conduct unit testing and debugging of software applications.  Participate in code reviews to ensure code quality and adherence to coding standards.  Provide technical support and troubleshooting for software applications.  Professional & Technical Skills:  Must To Have Skills:Proficiency in Microsoft Active Directory.  Strong understanding of software development principles and best practices.  Experience with object-oriented programming languages such as C# or Java.  Knowledge of web development frameworks such as ASP.NET or Spring.  Familiarity with database technologies such as SQL Server or Oracle.  Good To Have Skills:Experience with cloud platforms such as Azure or AWS.  Additional Information:  The candidate should have a minimum of 3 years of experience in Microsoft Active Directory.  This position is based at our Coimbatore office.  A 15 years full-time education is required.   Qualifications   15 years full time education",https://www.naukri.com/job-listings-software-development-engineer-accenture-solutions-pvt-ltd-coimbatore-3-to-8-years-031224916856
101224921153,Software Development Engineer,Software Development Engineer,Accenture,Hyderabad,3-5 Yrs,Not disclosed,"data warehousing,sap business objects data services,sql,data warehousing concepts,informatica,oracle,software development,talend","Project Role : Software Development Engineer    Project Role Description : Analyze, design, code and test multiple components of application code across one or more clients. Perform maintenance, enhancements and/or development work.   Must have skills : SAP BusinessObjects Data Services   Good to have skills : NA Minimum  3  year(s) of experience is required   Educational Qualification : Minimum 15 years education  Summary :As a Software Development Engineer, you will be responsible for analyzing, designing, coding, and testing multiple components of application code using SAP BusinessObjects Data Services. Your typical day will involve performing maintenance, enhancements, and/or development work for one or more clients in the Custom Software Engineering job family group.  Roles & Responsibilities: Design, develop, and maintain ETL processes using SAP BusinessObjects Data Services.  Collaborate with cross-functional teams to analyze, design, and implement solutions that meet client requirements.  Perform unit testing and debugging of ETL processes to ensure high-quality deliverables.  Provide technical support and troubleshooting for ETL processes in production environments.  Stay updated with the latest advancements in SAP BusinessObjects Data Services and related technologies. Professional & Technical Skills:  Must To Have Skills:Strong experience in SAP BusinessObjects Data Services.  Good To Have Skills:Experience in other ETL tools such as Informatica or Talend.  Experience in designing and developing ETL processes for large-scale data integration projects.  Strong understanding of data warehousing concepts and best practices.  Experience in SQL and database technologies such as Oracle, SQL Server, or MySQL. Additional Information:  The candidate should have a minimum of 3 years of experience in SAP BusinessObjects Data Services.  The ideal candidate will possess a strong educational background in computer science or a related field, along with a proven track record of delivering high-quality ETL solutions.  This position is based at our Hyderabad office. Qualifications Minimum 15 years education",https://www.naukri.com/job-listings-software-development-engineer-accenture-solutions-pvt-ltd-hyderabad-3-to-5-years-101224921153
101224921762,Software Development Engineer,Software Development Engineer,Accenture,Bengaluru,5-7 Yrs,Not disclosed,"css,javascript,apex,sql,plsql,schema,c#,software development","Project Role : Software Development Engineer    Project Role Description : Analyze, design, code and test multiple components of application code across one or more clients. Perform maintenance, enhancements and/or development work.   Must have skills : Oracle Application Express (APEX)   Good to have skills : NA Minimum  5  year(s) of experience is required   Educational Qualification : 15 years of full time education  Summary :As a Software Development Engineer, you will analyze, design, code, and test multiple components of application code across one or more clients. You will perform maintenance, enhancements, and development work. Your typical day will involve analyzing requirements, designing software solutions, writing code, and conducting testing to ensure the quality and functionality of the applications.  Roles & Responsibilities: Analyze requirements and collaborate with cross-functional teams to design software solutions.  Write clean, efficient, and maintainable code to implement the designed solutions.  Conduct unit testing and debugging to identify and fix software defects.  Collaborate with QA teams to ensure the quality and functionality of the applications.  Provide technical support and troubleshooting for application issues.  Stay updated with the latest industry trends and technologies to continuously improve skills and knowledge.  Collaborate with project managers and stakeholders to understand project requirements and deliver solutions within the specified timelines.  Contribute to the documentation of software designs, code, and user manuals.  Continuously optimize and refactor existing code to improve performance and maintainability. Professional & Technical Skills:  Must To Have Skills:Proficiency in Oracle Application Express (APEX).  Experience in developing web applications using Oracle Application Express (APEX).  Strong knowledge of SQL and PL/SQL for database interactions.  Experience in designing and implementing database schemas and data models.  Familiarity with front-end technologies such as HTML, CSS, and JavaScript.  Experience in version control systems such as Git.  Knowledge of software development methodologies and best practices.  Excellent problem-solving and analytical skills. Additional Information:  The candidate should have a minimum of 5 years of experience in Oracle Application Express (APEX).  This position is based at our Bengaluru office.  A Bachelor's degree in Computer Science or a related field is required. Qualification 15 years of full time education",https://www.naukri.com/job-listings-software-development-engineer-accenture-solutions-pvt-ltd-bengaluru-5-to-7-years-101224921762
161224910257,Software Development Engineer,Software Development Engineer,Accenture,Ahmedabad,5-10 Yrs,Not disclosed,"oracle,software development,asset management,unit testing,agile,css,version control,system design","Project Role : Software Development Engineer    Project Role Description : Analyze, design, code and test multiple components of application code across one or more clients. Perform maintenance, enhancements and/or development work.    Must have skills : Oracle Utilities Work And Asset Management    Good to have skills : NA Minimum   5  year(s) of experience is required    Educational Qualification : 15 years full time education   Summary :As a Software Development Engineer, you will analyze, design, code, and test multiple components of application code across one or more clients. You will perform maintenance, enhancements, and/or development work. Your typical day will involve analyzing requirements, designing solutions, writing code, and conducting testing to ensure the quality of the application.  Roles & Responsibilities: Expected to be an SME, collaborate and manage the team to perform.  Responsible for team decisions.  Engage with multiple teams and contribute on key decisions.  Provide solutions to problems for their immediate team and across multiple teams.  Collaborate with stakeholders to gather requirements and understand business needs.  Design and develop high-quality software solutions.  Perform code reviews and provide constructive feedback to team members.  Conduct unit testing and debugging of software applications.  Ensure adherence to coding standards and best practices.  Participate in agile development processes and ceremonies.  Stay updated with the latest industry trends and technologies.  Mentor junior team members and provide guidance and support.  Contribute to continuous improvement initiatives within the team.  Assist in troubleshooting and resolving production issues.  Collaborate with cross-functional teams to deliver integrated solutions.  Document technical specifications and system design.  Ensure timely delivery of assigned tasks and meet project deadlines.  Professional & Technical Skills:  Must To Have Skills:Proficiency in Oracle Utilities Work And Asset Management.  Strong understanding of software development principles and methodologies.  Experience in analyzing, designing, coding, and testing software applications.  Knowledge of database concepts and SQL.  Experience with version control systems such as Git or SVN.  Good To Have Skills:Experience with Agile development methodologies.  Familiarity with cloud platforms such as AWS or Azure.  Knowledge of web technologies such as HTML, CSS, and JavaScript.  Additional Information:  The candidate should have a minimum of 5 years of experience in Oracle Utilities Work And Asset Management.  This position is based at our Ahmedabad office.  A 15 years full-time education is required.    Qualifications    15 years full time education",https://www.naukri.com/job-listings-software-development-engineer-accenture-solutions-pvt-ltd-ahmedabad-5-to-10-years-161224910257
101224919372,Application Support Engineer,Application Support Engineer,Accenture,Hyderabad,5-10 Yrs,Not disclosed,"kubernetes,linux support,linux internals,google cloud platform administration,terraform,container,cloud sql,github","Project Role : Application Support Engineer    Project Role Description : Act as software detectives, provide a dynamic service identifying and solving issues within multiple components of critical business systems.   Must have skills : Linux Architecture   Good to have skills : Linux Operations, Linux Containers Administration Minimum  5  year(s) of experience is required   Educational Qualification : 15 years full time education  Summary :As an Application Support Engineer, you will act as software detectives, providing a dynamic service identifying and solving issues within multiple components of critical business systems. You will play a crucial role in ensuring the smooth functioning of the applications and resolving any technical issues that may arise.  Roles & Responsibilities: Expected to be an SME, collaborate and manage the team to perform.  Responsible for team decisions.  Engage with multiple teams and contribute on key decisions.  Provide solutions to problems for their immediate team and across multiple teams.  Ensure the smooth functioning of critical business systems.  Identify and resolve technical issues within multiple components of the applications.  Collaborate with cross-functional teams to troubleshoot and resolve issues.  Conduct root cause analysis and implement preventive measures to avoid future issues. Professional & Technical Skills:  Must To Have Skills:Proficiency in Linux Architecture, Linux Operations, Linux Containers Administration, Google Cloud Platform Administration, Terraform, Kubernetes / GKE.  Good To Have Skills:Experience with Linux Operations, Linux Containers Administration, Google Cloud Platform Administration, Terraform, Kubernetes / GKE.  Experience implementing, troubleshooting, and supporting Unix/Linux operating systems.  Experience with mixed operating systems (e.g. Linux, Red Hat, Windows, Mac OS X, etc).  Administer Cloud Based Compute Infrastructure, resource management, and orchestration.  Administer Linux and Windows systems, including configuration, troubleshooting, and automation.  Knowledge of TCP/IP networking, webservers and LAN/WAN environments & OS internals (file systems, storage, process lifecycle, etc).  Experience implementing, troubleshooting, and supporting Cloud Infrastructure including containerization, Docker and Kubernetes.  Scripting experience in actively writing/modifying code to improve monitoring and automation (Perl, Python, Shell, etc).  Participate in and improve the lifecycle of services from inception and design, through deployment, operation, and refinement.  Maintain services by measuring and monitoring availability, latency, and overall system health.  Skills required:Terraform, Kubernetes / GKE  IaC / configuration management tools, such as Ansible, Saltstack, Puppet  DevOps pipeline tools, such as Harness, github, gitlab, jenkins, capistrano  Google Prod tools, such as borg, boq, pod, rapid  Coding experience with scripting languages like Golang or Python  Other specific GCP-related cloud offerings:CloudSQL, CloudRun, GKE, loadbalancing, Cloud Monitoring, Cloud Logging. Additional Information:  The candidate should have a minimum of 5 years of experience in Linux administration.  This position is based at our Hyderabad office.  A 15 years full time education is required. Qualifications 15 years full time education",https://www.naukri.com/job-listings-application-support-engineer-accenture-solutions-pvt-ltd-hyderabad-5-to-10-years-101224919372
161224909564,Application Support Engineer,Application Support Engineer,Accenture,Hyderabad,5-10 Yrs,Not disclosed,"electronic medical record,oracle,sql server,troubleshooting,software engineering,tcp,hipaa,ip","Project Role : Application Support Engineer    Project Role Description : Act as software detectives, provide a dynamic service identifying and solving issues within multiple components of critical business systems.    Must have skills : Electronic Medical Records (EMR)    Good to have skills : No Function Specialty Minimum   5  year(s) of experience is required    Educational Qualification : 15 years full time education   Summary :As an Application Support Engineer, you will act as software detectives, providing a dynamic service identifying and solving issues within multiple components of critical business systems. Your typical day will involve troubleshooting and resolving technical issues, collaborating with cross-functional teams, and ensuring the smooth functioning of the applications.  Roles & Responsibilities: Expected to be an SME, collaborate and manage the team to perform.  Responsible for team decisions.  Engage with multiple teams and contribute on key decisions.  Provide solutions to problems for their immediate team and across multiple teams.  Ensure the smooth functioning of critical business systems.  Troubleshoot and resolve technical issues.  Collaborate with cross-functional teams to address system issues.  Contribute to key decisions and provide insights on system improvements.  Professional & Technical Skills:  Must To Have Skills:Proficiency in Electronic Medical Records (EMR).  Strong understanding of software engineering principles and practices.  Experience in troubleshooting and resolving technical issues.  BioRad Unity Real Time QC (NTX)  Additional Information:  The candidate should have a minimum of 5 years of experience in Electronic Medical Records (EMR).  Expertise in Laboratory Work and Clinical knowledge   Oversee the configuration, maintenance, and troubleshooting of Laboratory Information Systems (LIS) and middleware applications (DI). - Ensure that the LIS is properly integrated with other systems such as Electronic Health Records (EHR), billing, and inventory management software. - Collaborate with lab staff and management to ensure the LIS meets operational requirements and regulatory standards. - Manage LIS upgrades, patches, and any necessary customizations.  Knowledge of HL7 messages and TCP/IP.  Database:Oracle/MS. SQL  Software installation, Administration, Configuration.  Instruments config and troubleshooting  Server Administration & Vulnerabilities Remediation - Manage efforts to integrate third-party applications with the LIS to streamline laboratory workflows and enhance operational efficiency. - Troubleshoot and resolve any integration issues between the LIS and third-party systems (e.g., middleware, reporting tools, instruments, etc.). - Assist in the development and maintenance of interfaces between the LIS and other 3rd Party Vendor applications.  Ready to support during US Business Hours - Provide technical support for laboratory staff and other system users, ensuring quick resolution of issues related to LIS and third-party applications.  This position is based at our Hyderabad office.  A 15 years full time education is required.    Qualifications    15 years full time education",https://www.naukri.com/job-listings-application-support-engineer-accenture-solutions-pvt-ltd-hyderabad-5-to-10-years-161224909564
161224917120,Application Support Engineer,Application Support Engineer,Accenture,Pune,3-8 Yrs,Not disclosed,"database management system,microsoft azure,data engineering,sql,aws,python,oracle,sql server","Project Role : Application Support Engineer    Project Role Description : Act as software detectives, provide a dynamic service identifying and solving issues within multiple components of critical business systems.    Must have skills : Data Engineering    Good to have skills : NA Minimum    3  year(s) of experience is required    Educational Qualification : 15 years full time education   Summary :As an Application Support Engineer, you will act as software detectives, providing a dynamic service identifying and solving issues within multiple components of critical business systems. You will play a crucial role in ensuring the smooth functioning of the applications and resolving any technical glitches that may arise.  Roles & Responsibilities: Expected to perform independently and become an SME.  Required active participation/contribution in team discussions.  Contribute in providing solutions to work-related problems.  Collaborate with cross-functional teams to troubleshoot and resolve application issues.  Monitor and maintain the performance of critical business systems.  Identify and analyze root causes of application failures and implement corrective actions.  Develop and maintain technical documentation for application support processes.  Participate in the design and implementation of application enhancements and upgrades.  Professional & Technical Skills:  Must To Have Skills:Proficiency in Data Engineering.  Strong understanding of database management systems and SQL.  Experience with ETL (Extract, Transform, Load) processes and tools.  Familiarity with cloud platforms such as AWS or Azure.  Knowledge of scripting languages like Python or Shell scripting.  Additional Information:  The candidate should have a minimum of 3 years of experience in Data Engineering.  This position is based at our Hyderabad office.  A 15 years full-time education is required.    Qualifications   15 years full time education",https://www.naukri.com/job-listings-application-support-engineer-accenture-solutions-pvt-ltd-pune-3-to-8-years-161224917120
221124918564,Application Support Engineer,Application Support Engineer,Accenture,Hyderabad,3-8 Yrs,Not disclosed,"ecm,javascript,software development life cycle,itil processes,itil,css,sql queries,oracle","Project Role : Application Support Engineer    Project Role Description : Act as software detectives, provide a dynamic service identifying and solving issues within multiple components of critical business systems.                                                                                                                                                                                                                                                                                                                                                                                                  Must have skills : OpenText ECM Tools    Good to have skills : NA Minimum  3  year(s) of experience is required    Educational Qualification : 15 years full time education    Summary  : As an Application Support Engineer, you will act as software detectives, providing a dynamic service identifying and solving issues within multiple components of critical business systems. You will play a crucial role in ensuring the smooth functioning of the applications and providing support to end-users.    Roles & Responsibilities: - Expected to perform independently and become an SME. - Required active participation/contribution in team discussions. - Contribute in providing solutions to work-related problems. - Collaborate with cross-functional teams to troubleshoot and resolve application issues. - Monitor and maintain the performance of critical business systems. - Investigate and diagnose software defects and provide timely resolutions. - Develop and implement effective solutions to enhance application functionality. - Provide technical support and guidance to end-users. - Create and maintain documentation for troubleshooting and resolution procedures.    Professional & Technical Skills: - Must To Have Skills:Proficiency in OpenText ECM Tools. - Strong understanding of software development life cycle (SDLC) and ITIL processes. - Experience in troubleshooting and resolving application issues. - Knowledge of database management systems and SQL queries. - Familiarity with web technologies such as HTML, CSS, and JavaScript. - Good To Have Skills:Experience with content management systems (CMS). - Recommendation:Familiarity with Java programming language.   Additional Information: - The candidate should have a minimum of 3 years of experience in OpenText ECM Tools. - This position is based at our Hyderabad office. - A 15 years full-time education is required.    Qualifications   15 years full time education",https://www.naukri.com/job-listings-application-support-engineer-accenture-solutions-pvt-ltd-hyderabad-3-to-8-years-221124918564
041224006489,Data Engineer,Data Engineer,Lenskart,Gurgaon,3-5 Yrs,Not disclosed,"Pyspark,ETL,AWS,Python,Redshift Db,SQL,Data Engineering,Db","As a data engineer with 3-5 years of experience, youd typically find yourself  in a mid-level position where you're expected to handle a variety of  responsibilities related to data processing, storage, and analysis. Here’s a  typical job description for a data engineer at this experience level:  Job Title: Data Engineer Experience Level: 2-4 years  Job Description:  We are seeking a skilled data engineer to join our team. The ideal candidate  will have  3-5 years of experience working with data pipelines, databases, and  data warehousing solutions. As a data engineer, you will be responsible for  designing, developing, and maintaining our data infrastructure to support our  growing data needs.    Responsibilities:     Develop and maintain data integration solutions to consolidate data from   various sources (e.g., databases, APIs, flat files) into a unified format for  analysis and reporting.    Design and optimize databases to ensure efficient storage and retrieval of   data.    Collaborate with data scientists and analysts to understand data   requirements and provide clean and reliable datasets for analysis.    Monitor and troubleshoot data pipelines to ensure data integrity and   reliability.    Implement data quality checks, data profiling, and data governance   practices to ensure data accuracy, consistency, and reliability across different  data sets.    Stay updated with the latest technologies and best practices in data   engineering and recommend improvements to our data infrastructure.    Document data engineering processes and workflows for knowledge   sharing and future reference.    Requirements:     Bachelor’s degree in Computer Science, Engineering, or a related field.   2-4 years of experience working as a data engineer or in a similar role.   Proficiency in SQL and experience with database technologies such as   PostgreSQL, MySQL, or similar.    Experience with data pipeline tools such as Apache Airflow, Flink, or  similar.    Strong programming skills in languages such as Python or Scala.   Familiarity with cloud platforms such as AWS, Azure, or GCP and their   data services (e.g., S3, Redshift, BigQuery).    Knowledge of data modeling and ETL processes.   Excellent problem-solving and analytical skills.   Strong analytical, problem-solving, and communication skills, with the   ability to collaborate effectively in a team environment.    Preferred Qualifications:     Experience with big data technologies such as Hadoop, Spark, or Kafka.   Knowledge of data governance and compliance standards.   Experience with containerization technologies such as Docker and   orchestration tools like Kubernetes.    Additional Notes:   Candidates with experience in data visualization tools (e.g., Tableau, Power  BI) or machine learning frameworks may have an advantage, depending on  the specific needs of the organization. The role may also involve working on  data security, compliance, and privacy aspects, so knowledge of data  protection regulations (e.g., GDPR, HIPAA) is beneficial.",https://www.naukri.com/job-listings-data-engineer-lenskart-gurugram-3-to-5-years-041224006489
170323500848,Data Engineer,Data Engineer,Accolite Software India Pvt Ltd,Bengaluru,2-6 Yrs,Not disclosed,"Cloud computing,Data analysis,Data modeling,Postgresql,MySQL,Informatica,Oracle,SSIS","As a Data Engineer, you will be responsible for designing, building, and maintaining the infrastructure and tools necessary for data collection, storage, processing, and analysis. You will work closely with data scientists and analysts to ensure that data is available, accessible, and in a format that can be easily consumed for business insights.       Responsibilities:         Design, build, and maintain data pipelines to collect, store, and process data from various sources.     Create and manage data warehousing and data lake solutions.     Develop and maintain data processing and data integration tools.     Collaborate with data scientists and analysts to design and implement data models and algorithms for data analysis.     Optimize and scale existing data infrastructure to ensure it meets the needs of the business.     Ensure data quality and integrity across all data sources.     Develop and implement best practices for data governance, security, and privacy.     Monitor data pipeline performance / Errors and troubleshoot issues as needed.     Stay up-to-date with emerging data technologies and best practices.         Requirements:         Bachelors degree in Computer Science, Information Systems, or a related field.     Experience with ETL tools like Matillion,SSIS,Informatica     Experience with SQL and relational databases such as SQL server, MySQL, PostgreSQL, or Oracle.     Experience in writing complex SQL queries     Strong programming skills in languages such as Python, Java, or Scala.     Experience with data modeling, data warehousing, and data integration.     Strong problem-solving skills and ability to work independently.     Excellent communication and collaboration skills.     Familiarity with big data technologies such as Hadoop, Spark, or Kafka.     Familiarity with data warehouse/Data lake technologies like Snowflake or Databricks     Familiarity with cloud computing platforms such as AWS, Azure, or GCP.     Familiarity with Reporting tools         Teamwork/ growth contribution         Helping the team in taking the Interviews and identifying right candidates     Adhering to timelines     Intime status communication and upfront communication of any risks     Tech, train, share knowledge with peers.     Good Communication skills     Proven abilities to take initiative and be innovative     Analytical mind with a problem-solving aptitude         Preferred Qualifications:         Masters degree in Computer Science, Information Systems, or a related field.     Experience with NoSQL databases such as MongoDB or Cassandra.     Familiarity with data visualization and business intelligence tools such as Tableau or Power BI.     Knowledge of machine learning and statistical modeling techniques.",https://www.naukri.com/job-listings-data-engineer-accolite-software-india-pvt-ltd-bengaluru-2-to-6-years-170323500848
170924505701,Data Engineer,Data Engineer,BEHR,Pune,2-4 Yrs,Not disclosed,"Automation,UML,Data modeling,Project management,Data structures,SSIS,Business intelligence,SQL","Job Description                                                                                         Business Unit Supported: Watkins Wellness   Website: www.watkinsmfg.com        Position: Data Engineer     Location: Permanent Remote, India     Experience required: Minimum of five years of experience in Data and Analytics/Business Intelligence architecture.     Shift: 4pm-1am IST     Work hours- total 9 hrs (8.5 hrs working+ Half an hour meal break)     Assessment Test: (based on role requirement) will be required to take a skill assessment test prior interview.     CTC: As per market standards       Notice period: (Immediate joiner preferred) max 15 days should be serving notice period.     Job Type: Permanent     Must have Broadband availability: Min 30MBPS (national service provider JIO/TATA/Airtel Hathway etc)     Important: Access to a quiet home office environment with above mentioned broadband availability and working space to accommodate two monitors +1 Laptop. (based on role requirement)         Job Summary:   As a member of the data analytics team with the Watkins Wellness IT organization, responsible for expanding and optimizing our data and data pipeline architecture. This position will ensure consistent delivery, integrity, and quality to define a single source of truth to support Watkin s   strategic analytics and reporting goals. This position will design, create, and maintain optimized systems for collecting, moving, storing, and organizing data at scale from various systems into structures that meet the requirements for building analytics solutions.       Primary Duties and Responsibilities     Design and support of data pipelines and data stores that are secure, high-performing, efficient, organized, and reliable, given a specific set of business requirements and constraints.         Knowledge of data security strategies to assure data remains confidential and used/viewed by appropriate levels within the organization.         Working closely with other developers, internal stakeholders, and third parties.         Be a representative for the IT/BI department in analytical and technical discussions.         Work with Watkins Wellness users to help them understand and use BI systems and data from both technical and business contexts.         A focus on automation, continuous improvement, defining the ambiguous, and communication/teamwork to identify challenges and solutions will be key for success. Data Acquisition and Implementation         Analyze, collect, and synthesize complex information from disparate sources into a data warehouse.         Create and maintain an optimal data pipeline architecture.         Create and maintain documentation of data and data process landscape/architecture.         Define and build a data semantic layer and present to Data Analysts and subject matter experts in the business.         Define and implement security strategies and policies to classify data and ensure users may have access to only that data for which they are cleared.         Identify solutions and execute processes for ongoing, proactive data monitoring and validation.         Create and execute test strategies and plans to ensure processes and data meet requirements in the Watkins Wellness data systems prior to delivery to production.         Identify, design, and implement internal process improvements: automating manual processes, optimizing data delivery, re-designing infrastructure for greater scalability, etc. Data Stewardship         Be an internal representative and advocate for the single source of truth at Watkins Wellness. Internal Customer Support         Support analysts and super users with accessing data through analytics tools including Excel, Power BI and similar systems.         Create and maintain user-facing technical documentation.         Work with stakeholders, both technical and business focused to assist with Watkins Wellness data strategy and data-related technical issues and support their data infrastructure needs. Reporting and Analytics         Design, develop and maintain data structures that are intuitive to consume by analysts and data SMEs. Generic requirement.         Must work independently and with minimal technical direction, as well as within a team environment. Build strong collaborative relationships with internal and external customers and team members.         Be self-directed and manage workload against deadlines and priorities. Breakdown requests to accurately estimate work effort and define an execution plan.         Must have key skills:       Excellent English verbal written communication skills     Ability to use a computer for 8.5 hours per day     5+ years of relevant work experience in Data Engineering / Data analytics     Advanced working SQL knowledge and experience working with relational databases, query authoring (SQL) as well as working familiarity with a variety of databases.     Experience with data pipeline and workflow management tools: Azure Data Factory, etc.     Data modeling, UML, ERDs, and workflow diagrams Experience with Agile methodology and Azure DevOps     Experience performing root cause analysis on internal and external data and processes to answer specific business questions and identify opportunities for improvement.     Strong analytical skills related to working with unstructured datasets.     Strong project management and organizational skills     Intermediate level SSIS skills (or other ETL technology) (3+ years desired)     Experience with scripting languages like PowerShell, Python, or C#     Data Analytics tools experience required: Power BI preferred.           Education Certifications:       Must have bachelor s degree or higher with Computer Science, Statistics, Informatics, Information Systems or another quantitative field       Company       Masco Home Products India                 Full time         Masco Home Products India      (the Company ) is an equal opportunity employer and we want to have the best available persons in every job. The Company makes employment decisions only based on merit. It is the Company s policy to prohibit discrimination in any employment opportunity (including but not limited to recruitment, employment, promotion, salary increases, benefits, termination and all other terms and conditions of employment) based on race, color, sex, sexual orientation, gender, gender identity, gender expression, genetic information, pregnancy, religious creed, national origin, ancestry, age, physical/mental disability, medical condition, marital/domestic partner status, military and veteran status, height, weight or any other such characteristic protected by federal, state or local law. The Company is committed to complying with all applicable laws providing equal employment opportunities. This commitment applies to all persons involved in the operations of the Company regardless of where the employee is located and prohibits unlawful discrimination by any employee of the Company.         Masco Corporation is an E-Verify employer. E-Verify is an Internet based system operated by the Department of Homeland Security (DHS) in partnership with the Social Security Administration (SSA) that allows participating employers to electronically verify the employment eligibility of their newly hired employees in the United States. Please click on the following links for more information.               E-Verify Participation Poster:         English Spanish        E-verify Right to Work Poster:       English    ,       Spanish              #LI-Remote",https://www.naukri.com/job-listings-data-engineer-behr-pune-2-to-4-years-170924505701
261124914400,Data Engineer,Data Engineer,Accenture,Bengaluru,5-10 Yrs,Not disclosed,"data engineering,sql,data modeling,bigquery,aws,hive,python,data analysis","Project Role : Data Engineer    Project Role Description : Design, develop and maintain data solutions for data generation, collection, and processing. Create data pipelines, ensure data quality, and implement ETL (extract, transform and load) processes to migrate and deploy data across systems.    Must have skills : Google BigQuery    Good to have skills : NA Minimum   5  year(s) of experience is required    Educational Qualification : 15 years full time education   Summary :As a Data Engineer, you will design, develop, and maintain data solutions for data generation, collection, and processing. Your typical day will involve creating data pipelines, ensuring data quality, and implementing ETL processes to migrate and deploy data across systems. You will play a crucial role in managing and optimizing data infrastructure to support the organization's data needs.  Roles & Responsibilities: Expected to be an SME, collaborate and manage the team to perform.  Responsible for team decisions.  Engage with multiple teams and contribute on key decisions.  Provide solutions to problems for their immediate team and across multiple teams.  Develop and maintain data pipelines for efficient data processing.  Ensure data quality and integrity throughout the data lifecycle.  Implement ETL processes to migrate and deploy data across systems.  Optimize data infrastructure to support the organization's data needs.  Professional & Technical Skills:  Must To Have Skills:Proficiency in Google BigQuery.  Strong understanding of data engineering principles and best practices.  Experience with data modeling and database design.  Hands-on experience with SQL and scripting languages.  Experience with cloud platforms such as Google Cloud Platform (GCP) or AWS.  Good To Have Skills:Experience with data visualization tools such as Tableau or Power BI.  Additional Information:  The candidate should have a minimum of 5 years of experience in Google BigQuery.  This position is based at our Bengaluru office.  A 15 years full-time education is required.Qualifications   15 years full time education",https://www.naukri.com/job-listings-data-engineer-accenture-solutions-pvt-ltd-bengaluru-5-to-10-years-261124914400
071024501061,Python Developer,Python Developer,Useready,Bengaluru,2-5 Yrs,Not disclosed,"Unix,System architecture,Linux,MySQL,Data processing,Risk management,big data,Information technology","Job Title : Senior Python Developer 
 Location : Bangalore, India (Work from Client Office) 
 Division : Global Mortgage Team 
 Employment Type : Full-time       

   

         Job Summary:         

       We are seeking an experienced  Senior Python Developer  to join our dynamic technology team. The successful candidate will work on cutting-edge financial applications, develop scalable solutions, and contribute to the enhancement of our data-driven platforms. This is a fantastic opportunity for someone with strong Python development skills and 5-8 years of experience in a fast-paced environment, particularly in  financial services .       

         Key Responsibilities:         

 
	         Design, develop, and maintain robust, scalable, and efficient Python applications for  data analysis, financial modeling, and risk management .         
	         Collaborate with  global teams and business analysts  to understand business needs and deliver solutions that meet their requirements.         
	         Build and maintain  data pipelines , integrate various data sources, and develop  automated solutions  for data processing and analytics.         
	         Optimize and refactor existing codebases for performance, scalability, and security.         
	         Participate in  system architecture discussions  and contribute to designing solutions that support complex financial transactions and real-time data.         
	         Develop and support applications in both  batch processing  and  real-time data streaming  environments.         
	         Write clean, maintainable code and perform regular  code reviews .         
	         Work closely with DevOps teams to implement  CI/CD pipelines  and ensure smooth application deployment.         
	         Stay current with the latest trends and technologies, particularly in the areas of  financial technology, data engineering , and  machine learning .         
	         Troubleshoot and resolve performance bottlenecks and production issues in a timely manner.         
 

         Required Qualifications:         

 
	           Experience : 5-8 years of hands-on experience in Python development, ideally within a  financial services  or  highly regulated  environment.         
	           Programming Skills : Proficiency in  Python  and familiarity with its core libraries and frameworks, such as  Flask, Django , or similar.         
	           Financial Domain Knowledge : Experience with  financial applications , such as trading systems, risk management platforms, or data analytics systems, is a significant advantage.         
	           Data Engineering : Strong experience with  data manipulation libraries  such as  Pandas, NumPy,  and experience with  large-scale data processing .         
	           Database Systems : Proficiency with both  SQL (PostgreSQL, MySQL)  and  NoSQL (MongoDB, Redis)  databases, and experience with  ORM  frameworks.         
	           Cloud Technologies : Hands-on experience with  cloud platforms  like  AWS, Google Cloud, or Azure , including  Lambda, S3, EC2 , etc.         
	           Big Data Technologies : Experience with  Hadoop, Spark , or other big data processing technologies is a plus.         
	           Version Control : Proficient with version control tools such as  Git .         
	           Testing : Strong experience with  unit testing, integration testing , and  test automation  tools like  PyTest .         
	           Containerization : Familiarity with  Docker, Kubernetes , and microservices architecture is highly desirable.         
	           Messaging Systems : Experience with  Kafka, RabbitMQ , or other messaging technologies is a plus.         
 

         Preferred Skills:         

 
	         Familiarity with  machine learning frameworks  such as  TensorFlow, Keras, PyTorch  or  financial modeling  tools.         
	         Knowledge of  DevOps practices , including CI/CD pipelines and infrastructure automation.         
	           Scripting  experience in  Bash , knowledge of  Linux/Unix environments .         
 

         Soft Skills:         

 
	         Strong problem-solving skills with a  focus on performance optimization  and system scalability.         
	         Excellent communication skills, able to convey technical details to both technical and non-technical stakeholders.         
	         Ability to work collaboratively in  global, cross-functional teams .         
	         Strong  attention to detail , with a focus on high-quality deliverables.         
	         Proven ability to  mentor junior developers  and contribute to a positive team environment.         
 

         Education:         

 
	           Bachelor s degree  in Computer Science, Engineering, Information Technology, or related field (Master s degree is a plus).",https://www.naukri.com/job-listings-python-developer-useready-technology-bengaluru-2-to-5-years-071024501061
121224504521,Python Developer,Python Developer,Rarr Technologies,Bengaluru,5-8 Yrs,Not disclosed,"Unix,System architecture,Data analysis,Linux,MySQL,Unit testing,Risk management,Information technology","Job Summary:        We are seeking an experienced    Senior Python Developer    to join our dynamic technology team. The successful candidate will work on cutting-edge financial applications, develop scalable solutions, and contribute to the enhancement of our data-driven platforms. This is a fantastic opportunity for someone with strong Python development skills and 5-8 years of experience in a fast-paced environment, particularly in    financial services    .        Key Responsibilities:          Design, develop, and maintain robust, scalable, and efficient Python applications for    data analysis, financial modeling, and risk management    .      Collaborate with    global teams and business analysts    to understand business needs and deliver solutions that meet their requirements.      Build and maintain    data pipelines    , integrate various data sources, and develop    automated solutions    for data processing and analytics.      Optimize and refactor existing codebases for performance, scalability, and security.      Participate in    system architecture discussions    and contribute to designing solutions that support complex financial transactions and real-time data.      Develop and support applications in both    batch processing    and    real-time data streaming    environments.      Write clean, maintainable code and perform regular    code reviews    .      Work closely with DevOps teams to implement    CI/CD pipelines    and ensure smooth application deployment.      Stay current with the latest trends and technologies, particularly in the areas of    financial technology, data engineering    , and    machine learning    .      Troubleshoot and resolve performance bottlenecks and production issues in a timely manner.          Education:            Bachelor s degree    in Computer Science, Engineering, Information Technology, or related field (Master s degree is a plus).          Soft Skills:        Strong problem-solving skills with a    focus on performance optimization    and system scalability. Excellent communication skills, able to convey technical details to both technical and non-technical stakeholders. Ability to work collaboratively in    global, cross-functional teams    . Strong    attention to detail    , with a focus on high-quality deliverables. Proven ability to    mentor junior developers    and contribute to a positive team environment.        Preferred Skills:          Familiarity with    machine learning frameworks    such as    TensorFlow, Keras, PyTorch    or    financial modeling    tools.      Knowledge of    DevOps practices    , including CI/CD pipelines and infrastructure automation.        Scripting    experience in    Bash    , knowledge of    Linux/Unix environments    .          Required Qualifications:            Experience    : 5-8 years of hands-on experience in Python development, ideally within a    financial services    or    highly regulated    environment.        Programming Skills    : Proficiency in    Python    and familiarity with its core libraries and frameworks, such as    Flask, Django    , or similar.        Financial Domain Knowledge    : Experience with    financial applications    , such as trading systems, risk management platforms, or data analytics systems, is a significant advantage.        Data Engineering    : Strong experience with    data manipulation libraries    such as    Pandas, NumPy,    and experience with    large-scale data processing    .        Database Systems    : Proficiency with both    SQL (PostgreSQL, MySQL)    and    NoSQL (MongoDB, Redis)    databases, and experience with    ORM    frameworks.        Cloud Technologies    : Hands-on experience with    cloud platforms    like    AWS, Google Cloud, or Azure    , including    Lambda, S3, EC2    , etc.        Big Data Technologies    : Experience with    Hadoop, Spark    , or other big data processing technologies is a plus.        Version Control    : Proficient with version control tools such as    Git    .        Testing    : Strong experience with    unit testing, integration testing    , and    test automation    tools like    PyTest    .        Containerization    : Familiarity with    Docker, Kubernetes    , and microservices architecture is highly desirable.        Messaging Systems    : Experience with    Kafka, RabbitMQ    , or other messaging technologies is a plus.      Postgresql, Ci/Cd, Git, Aws, Pandas, Linux, Django, Tensor Flow, Python, Hadoop, Docker, Redis, Pytorch, Flask, Kafka",https://www.naukri.com/job-listings-python-developer-rarr-technologies-bengaluru-5-to-8-years-121224504521
141124505438,Python Developer,Python Developer,Storilabs System,Bengaluru,2-5 Yrs,Not disclosed,"Media management,Networking,Social media,MySQL,CMS,SEO,SQL,Android","We are seeking a skilled Python Developer with 2-5 years of experience to join our growing team. This role will involve developing high-performance applications and working on data-driven projects. Candidates with experience in data engineering will have an added advantage.           Required Qualifications:           Education: Bachelor s degree in Engineering, Computer Science, Software Engineering, or a related field.         Experience: 2-5 years of experience in Python development.           Technical Skills:           Proficiency in Python programming, with a deep understanding of core Python concepts and libraries.         Experience with data manipulation libraries such as Pandas and NumPy.         Expertise in SQL and database management systems (e.g., PostgreSQL, MySQL).         Hands-on experience with version control systems (e.g., Git).         Knowledge of API integration and development using RESTful APIs.         Strong problem-solving abilities with a focus on creating clean, efficient code.           Soft Skills:           Excellent communication skills and the ability to collaborate in a team environment.         Detail-oriented, with a proactive approach to identifying and solving issues.         Ability to work independently and manage time effectively.         Familiarity with cloud platforms (AWS, Azure, or GCP) for data storage and processing.         Understanding of containerization (Docker)          Basic knowledge of data warehousing and big data technologies.         Familiarity with data visualization tools (e.g., Power BI, Tableau, or similar) is a plus.         Data Engineering: Experience with ETL/ELT processes, data pipelines, and tools is a plus.               Key Responsibilities If Recruited:           Application Development: Design, develop, and maintain Python applications and scripts for various business requirements         Data Processing: Work on data extraction, transformation, and loading (ETL) processes as needed         Collaboration with Data Teams: Work closely with clients, business, data engineers, data scientists, and analysts to support data-related requirements, including data collection, cleaning, and processing.",https://www.naukri.com/job-listings-python-developer-storilabs-system-technologies-bengaluru-2-to-5-years-141124505438
231024502107,Python Developer,Python Developer,Techshala,Indore,3-8 Yrs,Not disclosed,"deep learning,Backend,Front end,Django,Data analytics,data visualization,Management,Application software","We are looking for an experienced Python developer to join our engineering team and help us create dynamic software applications. In this role, you will be responsible for writing and testing scalable code, developing back-end components, and integrating user-facing elements in collaboration with front-end developers.       Experience & Skills         3-5 years of experience as a Python developer.         Knowledge of AI, ML, Deep Learning tools like NumPy, Pandas, PyTorch, scikit-learn, scipy etc.         Knowledge of Python and related frameworks including Django and Flask.         Knowledge ofFront-end technologies like JS, CSS3 and HTML5         A deep understanding and multi-process architecture and the threading limitations of Python.         Ability to collaborate on projects and work independently when required.         Knowledge of Creating predictive model, Data visualization, statistics, data analytics         Basic knowledge about Object Relational Mapper libraries         Ability to integrate databases and various data sources into a unified system         Ability to collaborate on projects and work independently when required.         Key Responsibilities         Write scalable code         Integrating user-facing elements using server-side logic.         Coordinating with development teams to determine application requirements.         Work on existing databases to enhance functionality         Manage and create documentation for tools, strategies, and data pipelines",https://www.naukri.com/job-listings-python-developer-techshala-private-limited-indore-3-to-8-years-231024502107
071124500290,Data Analyst,Data Analyst,Genxlead,Chennai,3-8 Yrs,Not disclosed,"Product management,Customer acquisition,Data analysis,Analytical,MySQL,PHP,Regression analysis,SQL","B.E or Bachelor degree in Data Science, Statistics, Computer Science, Mathematics, Economics, or a related field       Responsibilities:       We are seeking a highly skilled and motivated Data Analyst with a minimum of 3 years of experience in the e-commerce industry to join our dynamic team. The ideal candidate will have a strong background in data analysis, statistical modelling, and data visualization, and will be adept at extracting actionable insights to drive business growth and improve customer experience.       Key Responsibilities:     Analyze complex datasets to identify trends, patterns, and opportunities for business growth within the e-commerce sector.     Develop, maintain, and automate dashboards and reports to monitor key performance indicators (KPIs) such as conversion rate, customer acquisition cost (CAC), customer lifetime value (CLV), average order value (AOV), and cart abandonment rate.     Perform A/B testing and hypothesis testing to evaluate the effectiveness of marketing campaigns, website changes, and product launches.     Extract, transform, and manipulate data from relational databases (MySQL) and data warehousing solutions.     Use Python or PHP for advanced data analysis, including predictive modelling, clustering, and regression analysis, to support strategic decision-making.     Collaborate with cross-functional teams, including marketing, product management, and operations, to provide data-driven recommendations and insights.     Conduct customer behaviour analysis and segmentation to enhance personalization strategies and improve customer experience.     Identify and communicate key insights and trends through compelling data visualizations using tools like Tableau, Power BI, or similar platforms.     Maintain data integrity and ensure the accuracy of data through regular auditing and validation processes.     Qualifications:     B.E or Bachelor degree in Data Science, Statistics, Computer Science, Mathematics, Economics, or a related field.     Minimum of 3 years of experience in data analysis within the e-commerce industry.     Proficiency in SQL for data extraction and manipulation.     Strong experience with data visualization tools (Tableau, Power BI) and programming languages (Python, PHP).     In-depth knowledge of e-commerce metrics and KPIs and experience optimizing these metrics to improve business outcomes.     Excellent analytical and problem-solving skills with a strong attention to detail.     Strong communication skills with the ability to translate complex data insights into clear, actionable recommendations for stakeholders.     Experience with data warehousing solutions and NoSQL databases is a plus.",https://www.naukri.com/job-listings-data-analyst-genxlead-solutions-pvt-ltd-chennai-3-to-8-years-071124500290
191224012686,Data Analyst,Data Analyst,C D Integrated Services Ltd.,Ahmedabad,0-1 Yrs,3-5.5 Lacs PA,"Artificial Intelligence,Computer Science,stock market,Python,Data Science,Share Market,Data Analysis,Data Visualization","Job Title: Data Analyst - (Stock Market)   Location: Ahmedabad - Gujarat Employment Type: Full time  Brief About Role:  We are seeking a skilled and detail-oriented Data Analyst to join our team at CD integrated services Ltd . The Data Analyst will be responsible for analyzing complex data sets, creating reports, and providing actionable insights to drive business decisions. The ideal candidate will have strong analytical skills, experience with data visualization tools, and a solid understanding of data analysis and statistical techniques.   Key Responsibilities:  • Data Analysis: Analyze and interpret complex data sets from multiple sources to identify trends, patterns, and insights.  • Reporting: Develop and generate detailed reports and dashboards to present findings to stakeholders and management.  • Data Modeling: Design, develop, and maintain data models to support various business needs and decision-making processes.  • Collaboration: Work closely with cross-functional teams to gather, understand, and document data requirements.  • Data Cleaning: Perform data cleansing and ensure data integrity and accuracy.  • Trend Identification: Identify trends and patterns in data, providing actionable recommendations to enhance business performance.  • Presentation: Communicate findings clearly through visualizations, presentations, and reports.  Required Skills:  • Proficiency: Strong experience with SQL , Python, and data querying to extract and manipulate data.  • Data Visualization: Expertise in data visualization tools such as Tableau, Power BI, or similar.  • Excel Skills: Advanced skills in Excel, including formulas, pivot tables, and macros.  • Statistical Techniques: Solid experience with data analysis and statistical techniques.  • Problem-Solving: Excellent problem-solving abilities and analytical thinking.  • Communication: Strong verbal and written communication skills to effectively present data insights.  Preferred Qualifications:  • Self Trading Experience and good Understanding about Stock Market.   * Educational Background: Bachelor's degree in Data Science, Statistics, Computer Science, or a related field. (B.tech / B.E)  • Programming Languages: Experience with Python and R for data analysis and statistical modeling.  • AI & Machine Learning: Knowledge of AI and Machine Learning concepts and their application in data analysis.  In case of further queries, please feel free to get in touch.  Best regards  Team HR  Ashlin Christian  8511372036  C.D Integrated Services Ltd  Web : www.cdintegrated.com  Email: career@cdintegrated.co.in",https://www.naukri.com/job-listings-data-analyst-c-d-integrated-services-ltd-ahmedabad-0-to-1-years-191224012686
231224004300,Data Analyst,Data Analyst,Kohler,Pune,8-12 Yrs,10-20 Lacs PA,"Power Bi,Advanced Excel,SQL,Project Management,Python,Predictive Modeling,Business Analytics,Impact Analysis","Role & responsibilities       Advanced Data Analysis: Conduct comprehensive data analysis using statistical methods, algorithms, and prediction techniques to uncover key insights from large datasets.  Business Impact: Translate data insights into actionable recommendations to optimize business operations, improve customer experience, and drive revenue growth. Communicate insights to and align improvement actions with key stakeholders  Project Leadership: Lead data analysis projects from conception to execution, including data collection, cleaning, transformation, and analysis, while managing project timelines and deliverables. Mentor Data Analysts  Stakeholder Management: Collaborate with cross-functional teams across departments to understand business needs, gather data requirements, and present data-driven insights to inform decision-making.   Strong problem-solving and analytical skills with the ability to identify patterns and trends within large datasets.  Customer service and continuous improvement mindset for those generating data and those using analysis for decision-making        Preferred candidate profile     8+ years of hands-on experience as a data analyst, with a demonstrated track record of successfully delivering impactful data-driven insights.   Master's degree in Statistics, Data Science, Computer Science, or a related field preferred, with a strong foundation in statistical analysis and data modeling.  Proficiency in data analysis tools and programming languages such as SQL, Python, R, and advanced knowledge of data visualization libraries (e.g., Tableau, Power BI).  Engineering design related exposure & Manufacturing process exposure Product development process and Microsoft Project Online exposure.   PMP/RMP Certification is an added advantage.",https://www.naukri.com/job-listings-data-analyst-kohler-pune-8-to-12-years-231224004300
301024505477,Data Analyst,Data Analyst,Codelynks Software Solutions (P) Ltd,Kochi,1-3 Yrs,Not disclosed,"Data analysis,Postgresql,Analytical,Process improvement,MySQL,Consulting,Machine learning,SQL","We are looking for a Data Analyst to take on a pivotal role in our organization by not only analyzing and interpreting data but also driving strategic initiatives through data insights. The ideal candidate will have a strong foundation in data analysis, an aptitude for advanced analytics, and the ability to provide actionable recommendations that influence key business decisions.        Role & Responsibilities            Data Analysis & Interpretation: Collect, clean, and analyze large datasets to identify trends, patterns, and insights that support business decisions.      Data Visualization: Create compelling data visualizations using tools like Power BI, Tableau, or Excel to communicate findings effectively to stakeholders.      Reporting: Generate regular and ad-hoc reports that provide actionable insights and recommendations to various departments within the organization      Database Management: Maintain and update databases, ensuring data integrity and accuracy across all systems.      Collaborative Problem-Solving: Work closely with software developers, project managers, and other teams to identify data needs and develop analytical solutions.      Predictive Analysis: Utilize statistical methods and predictive modeling to forecast future trends and identify potential risks or opportunities.      Continuous Improvement: Identify areas for process improvement and propose data-driven solutions to enhance business operations.      Quality Assurance: Ensure the accuracy and reliability of data by performing data validation and quality checks.      Documentation: Document data analysis processes, methodologies, and findings to ensure transparency and reproducibility.            Must Have skills            1-3 years of experience in data analysis, preferably in the software development or IT consulting industry.      Proficiency in data analysis tools and languages such as SQL, Python, R, or Excel.      Experience with data visualization tools such as Power BI, Tableau, or similar platforms.      Strong analytical and problem-solving skills, with attention to detail.      Ability to translate complex data into clear and actionable insights.      Excellent communication and presentation skills, with experience in conveying complex data findings to senior management and other stakeholders.      Experience with machine learning algorithms and techniques.      Knowledge of database management systems (e.g., MySQL, PostgreSQL).      Ability to work independently and collaboratively in a fast-paced environment.            Benefits            Competitive salary and benefits package.      Opportunity to work on innovative projects with cutting-edge technology.      Collaborative and supportive team environment.      Continuous learning and professional development opportunities.",https://www.naukri.com/job-listings-data-analyst-codelynks-software-solutions-p-ltd-kochi-1-to-3-years-301024505477
150622500915,Data Scientist,Data Scientist,Ihcc,Bengaluru,5-8 Yrs,Not disclosed,"Business objects,MS SQL,MySQL,Javascript,Business intelligence,microsoft,Open source,Information technology","Objective:     We are looking for a Data Scientist who will have zeal to make value out of data by proactively fetching information from company data and to lead a Business Intelligence team. The ideal candidate is adept at using large data sets to find opportunities for product and process optimization and using models to test the effectiveness of different courses of action.      He must have strong experience using a variety of data mining/data analysis methods, using a variety of data tools, building and implementing models, using/creating algorithms and creating/running simulations. Proficent in Benchmarking Dashboards as per the industry standards to set accurate targets and refined strategy. Experience in Microsoft Power BI Development and Administration.      Building analysis services reporting models, developing interactive visual reports, Dashboards and KPI scorecards using Power BI. He must have a proven ability to drive business results with data-based insights. The right candidate will have a passion for discovering solutions hidden in large data sets and working with stakeholders to improve accelerate business outcomes.     Primary Responsibilities:       Use strong business acumen, as well as an ability to communicate findings, and mine vast amounts of data for useful insights     Use these insights to influence how an organization approaches business challenges     Use a combined knowledge of computer science and applications, modelling, statistics, analytics and math s to solve problems     Use predictive modeling to increase and optimize revenue generation, cost control and other business outcomes.     Sift and analyze data from multiple angles, looking for trends that highlight problems or opportunities     Communicate important information and insights to leadership.     Work with stakeholders throughout the organization to identify opportunities for leveraging company data to drive business objectives.     Mine and analyze data to drive optimization and improvement in existing process.     Develop processes and tools to monitor and analyze model performance and data accuracy     Assess the effectiveness and accuracy of new data sources and data gathering techniques.     Develop custom data models and algorithms to apply to data sets.     Develop company A/B testing framework and test model quality.     Coordinate with different functional teams to implement models and monitor outcomes.     Experience using web services: Redshift, S3, Spark, Digital Ocean, etc.     Experience visualizing/presenting data for stakeholders using: MS power BI, Periscope, Business Objects, D3, ggplot, etc.     Ability to visualize data in the most effective way possible for a given project or study     Ability to work independently and with team members from different backgrounds     Experience on Microsoft Power BI Dashboards development     Proven track record in analytical thinking and problem solving     Comply with IT department Cyber Security Strategy     Experience with distributed data/computing tools: Map/Reduce, Hadoop, Hive, Spark, Gurobi, MySQL, etc. will be added advantage.     Experience on Artificial Intelligence and Machine Learning technologies will be added advantage.     Experience on Oracle EBusiness Suite 12.2x Data Mining finding Insights     Working knowledge of Integration to Oracle EBusiness Suite 12.2x through API s will be added advantage     Experience working with and creating data architectures.     Knowledge of a variety of machine learning techniques (clustering, decision tree learning, artificial neural networks, etc.) and their real-world advantages/drawbacks.     Coding knowledge and experience with several languages: C, C , Java, JavaScript, etc.     Knowledge and experience in statistical and data mining techniques: GLM/Regression, Random Forest, Boosting, Trees, text mining, social network analysis, etc.     Experience querying databases and using statistical computer languages: R, Python, SQL      Experience creating and using advanced machine learning algorithms and statistics: regression, simulation, scenario analysis, modeling, clustering, decision trees, neural networks, etc.     Experience analyzing data from 3rd party providers: Google Analytics, Site Catalyst, Core metrics, AdWords, Crimson Hexagon, Facebook Insights, etc.     Experience leading a BI team     Perform other related duties as required           Skills      Experience:       Programming languages - SQL, Python, Java, R     Business Intelligence tools - MS Power BI, Tableau, Advanced MS Excel     Databases - MS SQL, Oracle, MySQL and other open-source databases     Advanced analytical knowledge of data, Conducting big data analysis, Data conditioning, Programming advanced computing, Developing algorithms, Developing software and data models, Executing predictive analytics     7 years of professional development experience using relational databases, Big data, latest BI Visualization tools       Good to have:       Oracle EBS Integration, AI skills, PostgreSQL       Certification / Diploma (Preferred):       Data Science Certification from reputed organization (Mandatory)     Python, Java Certifications     SQL certifications     Microsoft Power BI Certifications (Mandatory)     AI certifications",https://www.naukri.com/job-listings-data-scientist-ihcc-bengaluru-5-to-8-years-150622500915
201224500954,Data Scientist,Data Scientist,Blue Lotus Technologies,Chennai,4-9 Yrs,Not disclosed,"Computer science,E-learning,Data analysis,Image processing,Moodle,Data mining,Lotus,Analytics","We are seeking a    Data Scientist    to join our team in developing an    AI-based, multi-tenancy adaptive learning platform   . In this role, you will be responsible for analyzing large volumes of learning data, building and deploying machine learning models, and providing data-driven insights to enhance the learning experience for our users. You will work closely with Moodle developers, product managers, and AI specialists to integrate predictive models, learning analytics, and recommendation systems within the platform. If you are passionate about using data science to improve education and learning outcomes, we would love to have you on our team.           Key Responsibilities         Analyze large-scale learning datasets generated by the Moodle 4.5 platform to identify trends, patterns, and opportunities for improving the adaptive learning experience.     Develop and implement machine learning models to enhance personalized learning pathways, content recommendations, and student engagement within the platform.     Collaborate with Moodle developers and AI specialists to integrate machine learning and data science solutions seamlessly into the platform s architecture.     Design and deploy predictive models for student performance, dropout prediction, and personalized feedback based on historical data.     Utilize learning analytics to provide insights that optimize course content, instructional strategies, and learner engagement.     Conduct exploratory data analysis (EDA) and data cleaning to ensure the quality and consistency of educational data used in model development.     Develop recommendation systems to personalize learning content for students based on their behavior, preferences, and learning progress.     Work closely with the product and design teams to understand educational requirements and translate them into actionable data science solutions.     Implement and optimize AI-driven learning features such as    adaptive quizzes   ,    automated feedback systems   , and    intelligent tutoring    within the Moodle platform.     Design and maintain dashboards and reporting tools to visualize key metrics related to student performance, course engagement, and learning outcomes.     Stay up-to-date with the latest advancements in AI, machine learning, and learning analytics to improve platform capabilities.         Required Skills and Qualifications           Experience   : 4+ years of experience in data science or machine learning, with a focus on educational technologies, e-learning platforms, or similar domains.       Technical Skills   :      Proficiency in    Python    or    R   , with experience in libraries like    Pandas   ,    NumPy   ,    Scikit-learn   ,    TensorFlow   ,    Keras   ,    PyTorch   , etc.     Strong experience in developing    machine learning models    for personalized recommendations, predictive analytics, and behavior modeling.     Experience with    adaptive learning algorithms   ,    personalized learning systems   , or    learning analytics   .     Experience with    Natural Language Processing (NLP)    techniques for content analysis and chatbots in education.     Experience with    deep learning    techniques, image processing, computer vision and neural networks.     Knowledge of    Moodle 4.5 AI-driven features   , including AI-based recommendation systems and adaptive learning tools.     Expertise in    data wrangling   , cleaning, and preprocessing techniques, specifically for educational datasets.     Proficiency in    SQL    and working with large relational databases to extract and manipulate data.     Familiarity with    data visualization tools    like    Tableau   ,    Power BI   , or    Matplotlib   , to present insights effectively to non-technical stakeholders.     Understanding of    statistical methods    and    data mining    techniques applied to educational data.     Experience with    cloud platforms    (e.g.,    AWS   ,    Azure   ,    Google Cloud   ) and big data tools such as    Spark    is a plus.     Experience in    integrating AI-driven systems    within existing software frameworks or platforms..           Soft Skills   :      Strong analytical and critical thinking skills to understand complex educational challenges and translate them into data-driven solutions.     Ability to communicate technical findings to non-technical stakeholders, making insights actionable and understandable.     Collaborative mindset with the ability to work effectively in cross-functional teams, including developers, product managers, and instructional designers.     Strong attention to detail and ability to work in a fast-paced, results-driven environment.             Preferred Skills         Knowledge of    big data technologies    like    Hadoop   ,    Hive   , or    Spark   .     Experience working with    learning management systems (LMS)   , particularly    Moodle   , is highly desirable.         Education           Bachelor s degree    in    Computer Science   ,    Data Science   ,    Mathematics   ,    Statistics   , or a related field.         Why Join Us         Be part of a    cutting-edge, AI-driven adaptive learning platform    that is transforming the education landscape.     Work on exciting projects at the intersection of    AI   ,    data science   , and    e-learning technologies   .     Collaborate with a talented team of    Moodle developers   ,    AI experts   , and    educational technologists   .     Competitive salary, benefits, and opportunities for    personal and professional growth    in a rapidly evolving field",https://www.naukri.com/job-listings-data-scientist-blue-lotus-technologies-pvt-ltd-chennai-4-to-9-years-201224500954
250924504400,Data Scientist,Data Scientist,Datacouch,Nagar,1-4 Yrs,Not disclosed,"pandas,data extraction,analytical instruments,predictive modeling,machine learning algorithms,machine learning,sql,communication skills","Introduction: Join DataCouch, where data drives our core strategic decisions. As a Data Scientist, you will harness advanced analytics to solve complex challenges and propel business success. We seek a talented individual eager to use their expertise in machine learning, data analysis, and predictive modeling to make a significant impact. Responsibilities:.    Develop, train, and implement predictive models and algorithms to drive business solutions. Analyze complex data sets to identify trends, patterns, and insights that can influence business decisions. Perform data mining to discover data patterns and trends. Develop and maintain advanced reporting, analytics, dashboards, and other BI solutions.    Collaborate with stakeholders to gather requirements and deliver reports and analyses that meet business needs. Provide support for analytics initiatives by cleaning and structuring data appropriately. Stay updated with industry trends and advancements in data analytics and visualization technologies. Collaborate with cross-functional teams to understand business needs and provide data-driven solutions.    Evaluate model performance and iteratively improve on existing methodologies. Document and present model processes, insights, and recommendations to stakeholders. Requirements. Educational Background:.    Bachelor's and Masters degrees in Data Science, Computer Science, Statistics, or a related field. Technical Skills:. Proficient in Python and familiar with key data science libraries (Pandas, Scikit-Learn, TensorFlow, or PyTorch). Strong understanding of all complex machine learning algorithms not limited to decision trees, random forests, and gradient boosting machines.    Competence in data preprocessing, cleaning, and analysis. Familiarity with data cleaning, transformation, and preprocessing techniques. Experience with SQL and possibly some NoSQL databases for data querying and manipulation. Basic knowledge of data visualization tools like Matplotlib and Seaborn.    Strong skills in SQL for data extraction, and the ability to work with complex database systems. Advanced knowledge of analytical tools and software such as Excel, Tableau, or more specialized software depending on the industry (eg, SAS, SPSS). Experience with data visualization and the ability to create interactive dashboards. Vast knowledge of NLP, Deep Learning, Machine Learning , Knowledge of genAI with implementation knowledge (LLM, fine tuning RAG implementation) and many more.    Familiarity with cloud services (AWS, Azure, Google Cloud) for data processing and storage.. Professional Experience:. 2-3 years of experience in a data science or related role.    Proven track record of developing and deploying machine learning models to solve business problems. Experience in projects that involve complex data structures and large-scale datasets. Exposure to model validation and implementation in a production environment. Demonstrated experience in analyzing large datasets and delivering actionable insights.    Proven track record of effectively communicating findings to help inform business decisions. Experience in performing statistical analysis, forecasting, and establishing data structures that optimize analytical capabilities. Soft Skills:. Strong problem-solving skills with a capability to work through complex issues using a logical and analytical approach.    Good communication skills to effectively articulate insights and technical details to non-technical stakeholders. Ability to work collaboratively in team settings and manage project timelines effectively. Strong attention to detail with the capability to work on multiple projects simultaneously. Effective communication skills, capable of presenting complex information in an understandable and compelling manner.    Collaboration skills to work effectively with both technical teams and business units. Benefits. Performance Bonuses: Additional 10% to 20% of the base salary, based on performance. Additional Perks: Health insurance, professional development opportunities, flexible working hours.    Why Join Us?. Work with a globally recognized team on cutting-edge AI/ML projects. Be a part of a culture that values curiosity, continuous learning, and impact. Opportunity to collaborate with Fortune 500 clients and industry leaders.    Grow your career by becoming an instructor and sharing your knowledge worldwide. Join us in driving the future of AI and Data Science!.",https://www.naukri.com/job-listings-data-scientist-datacouch-nagar-1-to-4-years-250924504400
281123501474,Data Scientist,Data Scientist,NITYO INFOTECH,Bengaluru,2-5 Yrs,Not disclosed,"Data analysis,Machine learning,Programming,power bi,Product design,Predictive modeling,Pattern recognition,Analytics","Primary Roles and Responsibilities: Collaborate with product design and engineering to develop an understanding of needs Research and devise innovative statistical models for data analysis Communicate findings to all stakeholders Enable smarter business processes and implement analytics for meaningful insights Keep current with technical and industry developmentsSkills and Qualifications: Graduate degree in a quantitative field (CS, Statistics, Applied Mathematics, Machine Learning, or related discipline) Good programming skills in Python with strong working knowledge of Python s numerical, data analysis, or AI frameworks such as NumPy, Pandas, Scikit-learn, etc       Experience with SQL, Excel, Tableau/ Power BI, PowerPoint Undertake preprocessing of structured and unstructured data Experience applying various machine learning techniques and understanding the key parameters that affect their performance Advanced pattern recognition and predictive modeling experience Experience of building systems that capture and utilize large data sets to quantify performance via metrics or KPIs Excellent verbal and written communication Comfortable working in a dynamic, fast-paced, innovative environment with several ongoing concurrent projects",https://www.naukri.com/job-listings-data-scientist-nityo-infotech-bengaluru-2-to-5-years-281123501474
201224014979,Business Analyst,Business Analyst,Ehireo Global Solutions,Bengaluru,1-3 Yrs,16-20 Lacs PA,"Business Analytics,Excel,SQL,Python,Business analysis,Analytics","Job Summary:  We are seeking a dynamic and analytical Business Analyst with a strong background in marketing analytics. The ideal candidate will have a robust understanding of data analytics, marketing strategies, and a proven ability to translate data into actionable insights.  This role is ideal for someone who thrives in a fast-paced environment, is detail-oriented, and has a passion for driving business growth through data-driven decision-making.  Key Responsibilities:   Data   Analysis   &   Insights   Generation:     Analyze large datasets to generate actionable insights that optimize credit strategy and other marketing initiatives.   Perform advanced data analysis, including investigation, modeling, mapping, and gap analysis, to identify trends and opportunities.   Data Visualization & Reporting:    Utilize advanced Excel skills to create visualizations that effectively communicate data insights to various stakeholders, including senior leadership.   Build and maintain dashboards and visual reports to monitor key performance indicators (KPIs) and other relevant metrics.   SQL & Python Development:    Write complex SQL queries to extract and manipulate data from databases such as MySQL or any other SQL-based systems.   Use Python for data analysis, automation, and to develop custom analytical solutions.   Business Strategy & Recommendation:    Co-relate data with business goals to generate actionable recommendations that drive marketing success.   Innovate and identify new cohorts and segmentation strategies to enhance customer targeting and conversion rates.   Project Management:    Own projects end-to-end, including building out timelines, defining key milestones, providing regular updates to stakeholders, and delivering results as per agreed specifications.   Work closely with cross-functional teams to ensure alignment on goals and objectives.      Marketing Analytics:    Deep understanding of funnel analytics, customer segmentation, and user activity modeling.   Generate insights on the go and provide timely recommendations to improve marketing strategies.   Collaboration & Communication:    Effectively communicate complex data insights to a variety of audiences, including non-technical stakeholders and senior leadership.   Work in a fast-paced and dynamic environment, delivering objective results under tight deadlines.",https://www.naukri.com/job-listings-business-analyst-ehireo-global-solutions-bengaluru-1-to-3-years-201224014979
221124506403,Business Analyst,Business Analyst,Oakton GTSCI Pvt Ltdd,Bengaluru,3-6 Yrs,Not disclosed,"Data analysis,Business analysis,Functional testing,Agile,QlikView,Analytics,Monitoring,Reporting tools","We are looking to recruit a Business Analyst to join our Analytics Engineering services Practice where the individual will be working on a wide range of projects/programmes. The individual is expected to gather the requirements and specifications to understand the requirements in a detailed manner and translate the same into requirement documents. Play a key role in the overall end to end delivery of project lifecycle. Be a key contributor to building efficient programs/ systems. The individual will need experience of working on digital transformation and strategic change projects, responsible for the successful planning, execution, monitoring, control and closure and delivery for our products and services. Seeking a candidate with a strong background in analytics and solutions, demonstrating expertise in the ETL domain and data integration.                           Positions General Duties and Tasks: of Business Analyst / Data Analyst               Understands business analysis activity as it relates to specific project and overall account as we'll.             Engage with business users, understand problem statement, and agree scope of engagement.             Elicitation of requirements from stakeholders and documenting             Responsible for Business Requirement Documentation completion, including meeting facilitation and securing approvals.             Effective Communication of requirements with all touch points in the software development life cycle             Work with multiple product owners to write develop clear, non-implementation specific epics, user stories and acceptance criteria.             Works with internal project group and business SMEs to ensure appropriate functional and non-functional use case requirements.             Management of requirements traceability             Expertise in specifying and modeling functional and system requirements.             Supports functional testing to verify and validate requirements.             Should be aware of modern software development, integration and delivery practices using Agile methodologies.             Actively participates in design sessions in specific areas of expertise.             Defines solutions to address basic client business requirements.             Demonstrates hands-on system acumen in an end-user capacity.             Is able to quickly learn systems, processes, and procedures. Grasp technical concepts and adapt easily to change.             Experience in ETL domain and data integration.             Experience in ITSM (ServiceNow, Remedy etc) tools data analysis             Experience in BI Analytics and Data Warehouse concepts.             Hands on experience in data and basics of SQL.             Basic BI Reporting tools knowledge such as Power BI and QlikView will be a plus.",https://www.naukri.com/job-listings-business-analyst-oakton-gtsci-pvt-ltdd-bengaluru-3-to-6-years-221124506403
230424501314,Business Analyst,Business Analyst,Projecttree,"Ahmedabad, Surat",1-3 Yrs,Not disclosed,"Data analysis,tableau,Business Analyst,Project management,Analytical,Agile,power bi,data visualization","ProjectTree, a leading software development company based in Surat, is looking for a talented Business Analyst to join our team.                 Job Brief:    As a Business Analyst, you will be responsible for analyzing business processes and identifying areas for improvement. You will work closely with stakeholders to gather and document requirements, and help to develop solutions to address business challenges.                 Responsibilities:         Conduct research to identify and analyze business processes and workflows     Work with stakeholders to identify and document business requirements and functional specifications     Create use cases, user stories, and process flows to support the development of new features and products     Support project management activities, including tracking project progress and identifying and mitigating risks     Continuously monitor and report on the effectiveness of business processes and identify areas for improvement         Requirements:         1+ years of experience as a Business Analyst     Strong analytical and problem-solving skills     Ability to understand complex business processes and systems     Familiarity with Agile methodologies and SDLC processes     Experience with requirements gathering and documentation     Strong written and verbal communication skills     Ability to work independently and in a team environment         Preferred Qualifications:         Experience with data analysis and modeling     Familiarity with software development languages and technologies     Knowledge of business intelligence and data visualization tools, such as Tableau or Power BI",https://www.naukri.com/job-listings-business-analyst-projecttree-ahmedabad-surat-1-to-3-years-230424501314
281124016697,Business Analyst,Business Analyst,Sankhyana Consultancy Services,Bengaluru,3-8 Yrs,Not disclosed,"Power Bi,Python,SQL,Retail,Business Analytics,Retail Analytics,Pandas,Data Modeling","3+ years of experience in data analysis with strong SQL and Python skills|Analyze market trends, develop predictive models, manage project delivery, and present findings to C-level executives|Opportunities for mentorship and skill development",https://www.naukri.com/job-listings-business-analyst-sankhyana-consultancy-services-bengaluru-3-to-8-years-281124016697
111124503432,Machine Learning Engineer,Machine Learning Engineer,Launchx Labs,Bengaluru,2-5 Yrs,Not disclosed,"Computer science,Analytical skills,Version control,GIT,NoSQL,GCP,Machine learning,big data","About the job      As a Machine Learning Engineer, you will be working with cross-functional teams to design, develop, and deploy machine learning models and AI solutions. You will be responsible for turning data into actionable insights, optimizing ML algorithms, and collaborating with data scientists and software engineers to integrate ML models into production systems.    Responsibilities      Design and implement machine learning models to solve complex business problems      Develop data pipelines and ETL processes for model training and deployment      Optimize ML algorithms for performance and scalability      Collaborate with data scientists to improve model accuracy and efficiency      Integrate ML models into production systems and maintain their performance      Stay current with the latest advancements in ML and AI technologies      Skills      Python (NumPy, Pandas, Scikit-learn, TensorFlow or PyTorch)      Machine learning algorithms and statistical modeling      Deep learning frameworks      Data preprocessing and feature engineering      Big data technologies (e.g., Spark, Hadoop)      Version control systems (e.g., Git)      SQL and NoSQL databases      Cloud platforms (AWS, GCP, or Azure) for ML deployment      Qualifications      BE/B.Tech/MS/PhD in Computer Science, Machine Learning, Statistics, or related field      Excellent problem-solving and analytical skills      Strong communication skills to explain complex concepts to non-technical stakeholders",https://www.naukri.com/job-listings-machine-learning-engineer-launchx-labs-bengaluru-2-to-5-years-111124503432
111224018109,Machine Learning Engineer,Machine Learning Engineer,Siclarity,Mumbai Suburbs,3-5 Yrs,Not disclosed,"Machine Learning,Deep Learning,Python,Pytorch,Tensorflow,Matplotlib,Artificial Intelligence,Pandas","Job Title:  Machine Learning Engineer   Location:  Mumbai   Experience Level:  3-5 years   Job Type:  Full-time    Company Overview:   Siclarity is a leading technology company specializing in AI/ML-based software solutions for semiconductor chip design industry. We develop cutting-edge products that leverage artificial intelligence and machine learning to solve complex problems across the Electronic Design Automation (EDA) space. Our team is passionate about innovation and committed to delivering high-quality solutions to our clients.   Job Description:   We are looking for a skilled and motivated Machine Learning Engineer to join our team. The ideal candidate will have experience in building, deploying, and optimizing machine learning models, particularly for classification and regression tasks. You should be well-versed in a range of machine learning and deep learning algorithms, including Mixture of Experts, Graph Neural Networks (GNNs), Autoencoders, Random Forests, Support Vector Machines (SVMs), and Gradient Boosting techniques.  As a Machine Learning Engineer, you will work closely with data scientists, software engineers, and product teams to develop solutions that drive impactful business outcomes. You should be comfortable working in a fast-paced environment, with a passion for innovation and a keen interest in solving complex problems using state-of-the-art ML and DL techniques.   Responsibilities   - Develop, train, and deploy machine learning models for classification and regression projects.  - Implement and optimize advanced algorithms, including Mixture of Experts, Graph Neural Networks (GNNs), Autoencoders, SVMs, Random Forests, and Gradient Boosting models.  - Perform data preprocessing, feature engineering, and model tuning to improve model performance and robustness.  - Collaborate with cross-functional teams to understand business requirements and deliver ML-driven solutions.  - Evaluate and monitor model performance and maintain scalability of deployed models.  - Contribute to the development of ML pipelines, ensuring efficiency, scalability, and reliability.  - Stay up-to-date with the latest advancements in machine learning and deep learning, and apply best practices to ongoing projects.   Requirements   - 3-5 years of experience in machine learning and deep learning, with a track record of successful classification and regression projects.  - Proficiency in Python and popular ML/DL libraries (e.g., TensorFlow, PyTorch, scikit-learn).  - Strong knowledge of machine learning algorithms, including Autoencoders, Mixture of Experts, GNNs, Random Forests, SVMs, and Gradient Boosting.  - Hands-on experience in data preprocessing, feature engineering, and model evaluation techniques.  - Experience in building and deploying MLOps pipelines using tools like MLflow, Kubeflow, Airflow, or similar frameworks.  - Familiarity with cloud platforms (e.g., AWS, GCP, Azure) and containerization tools (e.g., Docker) is a plus.  - Strong analytical and problem-solving skills, with the ability to translate complex requirements into practical ML solutions.  - Effective communication and collaboration skills.   Preferred Qualifications   - Bachelors / masters degree in computer science, Engineering, Machine Learning, Statistics, or a related field.  - Experience in model deployment and monitoring in production environments.  - Knowledge of big data tools and frameworks (e.g., Hadoop, Spark) is a plus.  - Familiarity with modern tools for experiment tracking and model versioning (e.g., MLflow, DVC).   Why Join Us?   - Be part of a dynamic team that fosters innovation and cutting-edge research in machine learning.  - Opportunity to work on challenging ML projects and contribute to impactful solutions.  - Collaborative work culture with opportunities for growth and professional development.  If youre passionate about machine learning, eager to work with advanced models like Mixture of Experts, GNNs, and Autoencoders, and want to make a real impact, we’d love to hear from you!",https://www.naukri.com/job-listings-machine-learning-engineer-siclarity-mumbai-suburban-3-to-5-years-111224018109
171224011612,Machine Learning Engineer,Machine Learning Engineer,Azilen,Ahmedabad,2-5 Yrs,Not disclosed,"Tensorflow,GenAI,Scikit-Learn,Numpy,Pytorch,FASTAPI,Jupyter Notebook,NLP","Job purpose:    Design & implement the best engineered technical solutions using latest technologies and tools.     Who you are :     2 - 5 years of experience building AI/ML based products with predictive and prescriptive analytics capabilities.  Hands on experience with Python and AI/ML libraries.  Tools - must: PyTorch/Tensorflow, Scikit-Learn.  Good to have: Flask, Django, FastApi, GenAI, NLP ,MLOps, Any Vector db  Proficiency in machine learning techniques and data mining algorithms such as Regression, Clustering, Classification, Decision trees, KNN and SVM.  Ability to design algorithmic implementation for performing real-time and scalable learning machines.  Good communication and presentation skills  Bachelors/Masters in Computer Science, Engineering or relevant field; graduate degree in Data Science or another quantitative field is preferred.  Must possess a balance of analytic problem solving and strong interpersonal and relationship development skills.      What will excite us:     Good Knowledge on Headless CMS.  Excellent logical, analytical and Troubleshooting skills.  On-call support if required  Excellent verbal / written communication skills      What will excite you:     Opportunity to work on large scale enterprise solution building.  Opportunity to explore new technologies & frameworks with accomplished solution architects & industry leaders.  Will get exposure to latest aspects of security, AI/ML, IOT and data analytics.      Work Location:     Working from Ahmedabad Office.",https://www.naukri.com/job-listings-machine-learning-engineer-azilen-technologies-ahmedabad-2-to-5-years-171224011612
310723500024,Machine Learning Engineer,Machine Learning Engineer,Zessta Software Services,Hyderabad,3-10 Yrs,Not disclosed,"Usage,Machine learning,Software services,Software,Machine","Designing and developing machine learning and deep learning systems according to the requirements.      Analysing the ML algorithms that could be used to solve a given problem and ranking them by their success probability.      Independently handle bug fixes and releases to production      Verifying data quality, and/or ensuring it via data cleaning.      Exploring and visualizing data to gain an understanding of it, then identifying differences in data distribution that could affect performance when deploying the model in the real world.      Perform self-testing, integration testing and deployment testing.      Deployment of code to production environment following the procedures and standards diligently.      Explore and analyze the suitability of third-party libraries.      Deploying models to production.      Skills and Experience:      Proven experience as a Machine Learning Engineer or similar role.      Understanding of data structures, data modelling and software architecture.      Deep knowledge of linear algebra, probability, statistics and ML algorithms.      Good knowledge of data structures and algorithms and implementing them in C/C++.      Working experience with device drivers on Linux specifically related to real-time video streaming pipeline using v4l2, Gstreamer, UVC driver, Nvidia accelerated Gstreamer, low latency video capture.      Ability to write robust code in Python, R and Java.      Knowledge of C Embedded programming is preferred.      Familiarity with machine learning frameworks (like Keras or PyTorch) and libraries (like Numpy, pandas, seaborn, scikit-learn, etc.)      Proficiency with a deep learning framework such as TensorFlow or Keras.      Proficiency with OpenCV.      Linux SysAdmin skills.      Git management, source code build and release management.      Ability to select hardware to run an ML model with the required latency.      Experience in Image Processing is preferable.      Excellent communication skills.      Education and Experience:      Bachelors or Masters from Premier Institutes preferred.      Experience 3-10 years",https://www.naukri.com/job-listings-machine-learning-engineer-zessta-software-services-pvt-ltd-hyderabad-3-to-10-years-310723500024
121224015822,GCP Data Engineer,GCP Data Engineer,ERM Placement Services,Hybrid - Hyderabad,4-9 Yrs,15-22.5 Lacs PA,"GCP,Gcp Cloud,Bigquery,Data,Cloud","Preferred candidate profile .   Role & responsibilities . 4-9 years of experience in the field of data engineering   - Proficiency in Python and experience with relevant libraries (e.g.,pandas,numpy,pytorch,scikit-learn,tensorflow,keras,etc.)   - Experience with SQL and relational databases (e.g.,MySQL,PostgreSQL,etc.)",https://www.naukri.com/job-listings-gcp-data-engineer-erm-placement-services-hyderabad-4-to-9-years-121224015822
121224919759,GCP Data Engineer,GCP Data Engineer,AVE-Promagne Business Solutions,Bengaluru,6-11 Yrs,Not disclosed,"Python,Big Query,Java,GCP,GitHub,GraphQL,JavaScript,Kafka","3+ years experience as a software engineer or equivalent designing large data-heavy distributed systems and/or high-traffic web-apps Experience in at least one programming language (Python-2 yrs strong coding is must) or java. Hands-on experience designing & managing large data models, writing performant SQL queries, and working with large datasets and related technologies Experience designing & interacting with APIs (REST/GraphQL) Experience working with cloud platforms such as GCP, Big Query Experience in DevOps processes/tooling (CI/CD, GitHub Actions), using version control systems (Git strongly preferred), and working in a remote software development environment Strong analytical, problem solving and interpersonal skills, have a hunger to learn, and the ability to operate in a self-guided manner in a fast-paced rapidly changing environment Preferred: Experience using infrastructure as code frameworks (Terraform) Preferred: Experience using big data tools such as Spark/PySpark Preferred: Experience using or deploying MLOps systems/tooling (eg. MLFlow) Must have: Experience in pipeline orchestration (eg. Airflow)  Must Have Experience in Data Flow 1 yr experience atleast Preferred: Experience using infrastructure as code frameworks (Terraform) Preferred: Experience in an additional programming language (JavaScript, Java, etc) Preferred: Experience using data science/machine learning technologies",https://www.naukri.com/job-listings-gcp-data-engineer-ave-promagne-business-solutions-bengaluru-6-to-11-years-121224919759
151222501197,GCP Data Engineer,GCP Data Engineer,Navikenz,Noida,3-4 Yrs,Not disclosed,"NoSQL,GCP,Agile,Data quality,data visualization,Subject Matter Expert,Usability testing,SQL","Act as a subject matter expert in data engineering and GCP data technologies.     Work with client teams to design and implement modern, scalable data solutionsusing a range of new and emerging technologies from the Google Cloud Platform.     Work with Agile and DevOps techniques and implementation approaches in thedelivery.     Be required to showcase your GCP Data engineering experience whencommunicating with clients on their requirements, turning these into technical datasolutions.     Be required to build and deliver Data solutions using GCP products and offerings.          Requirement/Experience         The ideal candidate will have a Bachelors, Masters Degree in Mathematics or ComputerScience with around 3 to 4 years of professional experience working on data sets andbuilding data pipelines. Briefly, he should have     Masters degree in Computer Science, or related field.      Hands on and deep experience working with Google Data Products (e.g. BigQuery,Dataflow, Dataproc, AI Building Blocks, Looker, Cloud Data Fusion, Dataprep, etc.).      Experience in Data Integration, Data Transformation, Data Quality and Data Lineagetools.     E2E Data Engineering and Lifecycle (including non-functional requirements andoperations) management.      E2E Solution Design skills - Prototyping, Usability testing and data visualizationliteracy.      Experience with SQL and NoSQL modern data stores.     Understanding of Big Data technologies and solutions (Spark, Hadoop, Hive,MapReduce) and multiple scripting and languages (YAML, Python).     Demonstrable track record of dealing well with ambiguity, prioritizing needs, anddelivering results in a dynamic environment.     Excellent verbal and written communication skills with the ability to effectivelyadvocate technical solutions to research scientists, engineering teams and businessaudiences.      Liaise and be part of our extensive GCP community, contributing in the knowledgeexchange learning programme of the platform.     5 years of relevant experience in Data Engineering using GCP",https://www.naukri.com/job-listings-gcp-data-engineer-navikenz-india-private-limited-noida-3-to-4-years-151222501197
161224009425,GCP Data Engineer,GCP Data Engineer,ERM Placement Services,Hybrid - Hyderabad,4-9 Yrs,15-25 Lacs PA,"GCP,Data Engineer,Gcp Cloud,Data,Data Engineering,Cloud","Preferred candidate profile .    - 4-9 years of experience in the field of data engineering   - Proficiency in Python and experience with relevant libraries (e.g.,pandas,numpy,pytorch,scikit-learn,tensorflow,keras,etc.)   - Experience with SQL and relational databases (e.g.,MySQL,PostgreSQL,etc.)",https://www.naukri.com/job-listings-gcp-data-engineer-erm-placement-services-hyderabad-4-to-9-years-161224009425
050424501106,Java Developer,Java Developer,Createid8,Mumbai,3-8 Yrs,Not disclosed,"Hibernate,XML,Eclipse,HTML,Application development,JSON,MVC,Apache","We are seeking an experienced Java Developer skilled in Spring, Spring Boot, Hibernate, React JS, REST APIs and Maria DB database.    Position Responsibilities:      Gathers and documents, understands and articulates functional, non-functional and business requirements that are already defined.          Demonstrates a growing proficiency in the design and development of simple software applications, model data relationships.          Uses programming & technical skills in various languages and products currently used by the company as specified for the position to develop or update programs.          Utilizes Java, J2EE, Javascript, Spring Boot, SQL, Apache web server and markup languages such as HTML, CSS, XML, JSON.          Learns to write unit tests and performs integration testing to ensure high application quality to meet business requirements.          Develops an understanding of various deployment methods, tools and writes scripts and/or procedures to ensure efficient processes.      Skills Required:      3+ years of experience in a position performing software development.          Java, Spring Boot, MVC, Maria DB, Javascript, Hibernate & React JS experience required.          Experience with AngularJS / Angular and Android is a plus.          Must have the ability to learn Object Oriented Concepts and the concepts of a Software Development Life Cycle.          Willingness to learn or comfortable with various tools and frameworks such as: Eclipse/IntelliJ, Spring / Spring Boot, AngularJS / Angular, Jenkins, SVN / GIT, REST / SOAP.          Understands the process of new application development and has the ability to apply these concepts with minimal mentoring and supervision.          Must have the ability to learn to provide support & maintenance for simple to complex software applications.          Communicates well with working teams. Motivated and willing to take initiative. Capable of working well in a team and collaborative environment.          Adaptable to change.          Willing to mentor and coach others as assigned.      Benefits and perks:    At GoPhygital, we blur work and play, and you get all the perks of a global company.      You will get to work with a dynamic group of people, who are delivering results and working zealously across time. We love what we do, and we think you will too.        Group Mediclaim          5 days working (All Saturdays off)          Flexible timings",https://www.naukri.com/job-listings-java-developer-createid8-mumbai-3-to-8-years-050424501106
090923500704,Java Developer,Java Developer,Riverstone Infotech,Chennai,5-8 Yrs,Not disclosed,"Performance tuning,Hibernate,jQuery,Postgresql,MySQL,Javascript,PHP,J2Ee","Strong development skills in JAVA with a solid understanding and application of EJB3, JPA/Hibernate principles and design patterns.      Substantial experience in Java Concurrency, optimization and performance tuning      Experienced with writing Junit test cases using Arquillian     Experienced with REST-based web services development.     Experienced with client-side technologies and/or frameworks such as HTML5, Bootstrap/CSS,AJAX, Javascript, JQuery and AngularJS     Refine - You should be capable of maintaining existing PHP code, optimizing MySQL queries and improving the speed of the front-end application     Familiarity with MySQL database     Experienced and skills in JavaScript-based AJAX frameworks and related plugins, such as jQuery, Grunt, ExpressJs and NodeJs     Experienced in IDE Netbeans, Pycharm and the application server Glassfish       Technologies       Frontend: ReactJS, AWS, Amplify, CSS / Twitter Bootstrap, AngularJS     Backend: JAVA 11, Gradle, Spring framework, J2EE( Hibernate JPA Repository)     Cloud: AWS EC2, Cognito, S3 Bucket, API Gateway, KMS, Secret Manager, IAM, Lambda     DB: PostgreSQL     Others: Javascript / JQuery, HTML 5, Ajax, EJB3 (Must)       Education       Bachelor of Engineering, MCA, MSc",https://www.naukri.com/job-listings-java-developer-riverstone-infotech-pvt-ltd-chennai-5-to-8-years-090923500704
131224912219,Java Developer,Java Developer,Dtcc,Chennai,4-8 Yrs,Not disclosed,"Java,continuous integration,css,xsd,ci/cd,dbms,hibernate,jquery","Are you ready to make an impact at DTCC?     Do you want to work on innovative projects, collaborate with a dynamic and supportive team, and receive investment in your professional development? At DTCC, we are at the forefront of innovation in the financial markets. We're committed to helping our employees grow and succeed. We believe that you have the skills and drive to make a real impact. We foster a thriving internal community and are committed to creating a workplace that looks like the world that we serve.     Pay and Benefits:     Competitive compensation, including base pay and annual incentive  Comprehensive health and life insurance and well-being benefits, based on location  Pension / Retirement benefits  Paid Time Off and Personal/Family Care, and other leaves of absence when needed to support your physical, financial, and emotional well-being.  DTCC offers a flexible/hybrid model of 3 days onsite and 2 days remote (onsite Tuesdays, Wednesdays and a third day unique to each team or employee).     Why you would love this job?     The Development family is responsible for creating, designing, deploying, and supporting applications, programs, and software solutions. May include research, new development, prototyping, modification, reuse, re-engineering, maintenance, or any other activities related to software products used internally or externally on product platforms supported by the firm. The software development process requires in-depth subject matter expertise in existing and emerging development methodologies, tools, and programming languages. Software Developers work closely with business partners and / or external clients in defining requirements and implementing solutions.     What you will do?     Lead technical processes and designs considering reliability, data integrity, maintainability, reuse, extensibility, usability, and scalability.  Review code of development team to ensure quality and adherence to best practices and standards.  Collaborate with Infrastructure partners to identify and deploy optimal hosting environments.  Define scalability and performance criteria for assigned applications.  Ensure application meets the performance, privacy, and security requirements.  Verify test plans to ensure compliance with performance and security requirements.  Support business and technical presentations in relation to technology platforms and business solutions.  Mitigate risk by following established procedures and monitoring controls.  Help develop solutions that balance cost and delivery while meeting business requirements.  implement technology-specific best practices that are consistent with corporate standards.  Partner with cross-functional teams to ensure the success of product strategy and project deliverables.  Drive new technical and business process improvements.  Estimate total costs of modules/projects covering both hours and expense.  Research and evaluate specific technologies, and applications, and contributes to the solution design.  Construct application Architecture encompassing end-to-end designs.  Mitigates risk by following established procedures and monitoring controls, spotting key errors, and demonstrating strong ethical behavior.     Qualifications     Bachelor's degree required with Masters, or equivalent experience preferred  Minimum of 3 years of related experience     Talent required for success:     3+ Years of Active Development Experience/ Expertise in Java/J2EE Based Applications proven ability with Hibernate, JPA, Spring, Spring MVC  Exposure to XML/XSD, JSON and similar data presentation components  Familiarity with Microservices based architecture and distributed systems.  Ability to develop and work with REST APIs using Spring Boot framework.  Knowledge of IBM MQ and messaging protocols such as JMS  Understanding of Unix/Linux OS including shell scripting  Strong database and PL/SQL skills  Experience with CI/CD technologies like GIT, Jenkins, JoCoCo and Maven  Experience with UI frameworks - Angular, NodeJS and NPM is a plus  Experience with CSS, HTML, JavaScript, and similar UI frameworks (jQuery, React Angular) is a plus  Familiarity with Agile development methodology",https://www.naukri.com/job-listings-java-developer-dtcc-chennai-4-to-8-years-131224912219
141224008501,Java Developer,Java Developer,Thapovan Info,"Chennai, Palakkad",5-10 Yrs,Not disclosed,"Java Servlets,Mssql Dba,Web Application,Application,Web technologies,Java,Development,Servlets","Hi Folks,   We have an urgent requirement for Java developer, please check and let me know your interest.    Title : Java Developer    Location : Chennai, Palakkad   Experience : 5 to 10 years   Role : Full Stack Developer   Employment Type : Full Time, Permanent   Job Description:     Roles & Responsibility:   1. Candidates should have 6 to 8 years of work experience.  2. Candidates should have hands-on experience in Java Programming throughout the career. Advanced/Intermediate programming skills with optimized coding techniques with understanding of internal handling of aspects like collections, List, HashMap, Threading etc.  3. Candidates should have hands-on experience using REST API at least 5+ years. Know-how of REST guidelines.  4. Candidates should have hands-on experience using Spring/Spring boot/Servlets/JSP for at least 4+ years. Should have implemented web applications using any of the above tools.  5. Understanding of DBMS concepts like tables, keys etc., and SQL queries.  6. Candidates should have hands-on experience in writing stored procedures, multi join SQL queries.   7. Collaborate with cross-functional teams to identify requirements and deliver high-quality solutions.  8. Implement microservices architecture to improve scalability, reliability, and maintainability of the application.  9. Troubleshoot complex issues related to application performance, memory leaks, and database connectivity  10. Participate in code reviews to ensure adherence to coding standards and best practices   Desired Candidate Profile   1. 6-8 years of experience in software development with expertise in Java programming language.  2. Strong understanding of algorithms, data structures, design patterns (e.g., SOLID principles), and object-oriented programming concepts.  3. Proficiency in developing web services using REST APIs; knowledge of JSON data format is a plus.  4. Experience working on cloud-based platforms such as AWS; familiarity with containerization technologies like Docker is desirable.  5. Experience working on front-end integrations; hands-on in JavaScript/jQuery; form validations & submission., etc.   6. Experience working with modern caching tools like Redis, MemCache is plus.  7. Experience in Messaging Queues like Kafka is a plus.   8. Experience in Node is a Plus.   Key Skills:    Java/J2EE, JSP, Servlets, Web Development, MSSQL, MySQL, JavaScript, jQuery, T-SQL, Kafka, Spring, Spring Boot, Hibernate, Redis, Memcached, Micronut, RESTful APIs, Swagger, HTML, CSS, Gradle, Maven, Docker, Shell Scripting, AWS, S3 Bucket.  Thanks.",https://www.naukri.com/job-listings-java-developer-thapovan-info-palakkad-chennai-5-to-10-years-141224008501
040724008028,Software Engineer,Software Engineer,Tmeic Industrial Systems,Hyderabad,2-5 Yrs,3-6 Lacs PA,"Django,API,VueJs,React,Python,NoSQL,PostgreSQL,MySql","Position Title: Software Engineer    Reporting to: Project Lead        Functions to be supervised directly    Job Location: Hyderabad       Summary of work Environment and Work performed:     1. Develop web applications (including Mobile Web) using Python and JavaScript.  2. Use Python frameworks like Django, FastAPI, Flask to build necessary web-services.   3. Use UI frameworks like VueJs, React, Angular and writing necessary services.   4. Design and develop UI using modern HTML/CSS frameworks.    5. Deploy and maintain applications  using cloud services like AWS/Azure.   6. Maintain, Enhance and fix existing applications on production.    Specific Duties:     1. Write modular, testable, and resilient code.    2. Build responsive UIs using modern CSS/HTML frameworks.  3. Write and execute automated tests covering all scenarios of the application.   4. Use git to properly version control all aspects of the application.    5. Build and deploy applications using CI/CD pipelines.    6. Collaborate with various teams involved in the development process.    7. Maintain, enhance and fix existing applications in production.     Desired Outcome:    1. Build high-quality, and fully performing software in compliance with coding standards and technical design.  2. Work collaboratively with the team to achieve project goals.  3. Contribute innovative and practical solutions to solve complex problems.  4. Deliver an optimal user experience through responsive, user-friendly, and up-to-date web interfaces.    Education, Knowledge, Skills, Abilities and Experience:      Education  Essential: - Engineering graduate (Computer Science / EEE / ECE / IT)      Desired Knowledge : -     1. Proficient in JavaScript and Python programming languages.  2. Web applications design and different architectures.  3. Integration of SSO and protocols like OAuth/OpenID.  4. RESTful and other types of web services integrations knowledge.  5. Client-Server and Distributed programming knowledge.  6. Cloud computing and using cloud services like AWS/Azure.  7. Knowledge of container services like docker is beneficial.      Skills and abilities:     1. Proficiency in JavaScript: Understanding of concepts like asynchronous programming and ES6. Knowledge of  JavaScript frameworks such as Angular, React, or Vue.js is beneficial.  2. Proficiency in Python programming language: Understanding of Python code and write necessary web services.  Experience with frameworks like Django, FastAPI or Flask is beneficial.  3. Proficiency in HTML5 and CSS3: Ability to create responsive designs, and familiarity with browser testing and  debugging.  4. Knowledge of RESTful APIs and third-party API integrations, including SSO integrations using OAuth/OpenID.  5. Understanding of databases: Knowledge of SQL databases like PostgreSQL, MySQL and NoSQL databases like  MongoDB. Understanding of how to interact with these databases using Python libraries.  6. Version Control/Git: Familiarity with version control systems like Git for tracking changes in source code during  software development.  7. Familiarity with code testing: Knowledge of testing frameworks and practices to ensure code quality.  8. Understanding of CI/CD techniques and build deployment pipelines.  9. Understanding of secure coding practices.       Experience:    1. 3 to 5 years of experience in building and deploying web applications using the Python and JavaScript.  2. Experience with Python, with frameworks such as Django, FastAPI or Flask.  3. Experience with JavaScript, including familiarity with modern frameworks such as React, Angular, or Vue.js.  4. Experience with HTML5, CSS3, and responsive design.    5. Experience integrating third-party applications using RESTful APIs or other web services.  6. Experience with database technologies, both SQL (like PostgreSQL or MySQL) and NoSQL (like MongoDB).  7. Experience integrating authentication providers using OAuth/OpenID.   8. Experience with version control systems, such as Git.  9. Experience with testing and debugging in multiple browsers or platforms.  10. Experience with server-side languages and server-side templating languages is a plus.       Best Regards,    Kodandapani.D    Executive-HR    Dept: Human Resource    8008870861   Kodandapaani Yadav Dabbugunta | LinkedIn   TMEIC Industrial Systems India Pvt. Ltd.    Group company of TMEIC Corporation, Japan.    Address:  Unit No. 06-01,  Level-6, Block-2, Cyber Pearl,   HITEC City, Madhapur, Hyderabad  500081, Telangana.  Website: www.tmeic.com",https://www.naukri.com/job-listings-software-engineer-tmeic-industrial-systems-hyderabad-2-to-5-years-040724008028
041224916928,Software Engineer,Software Engineer,Capgemini,Hyderabad,6-8 Yrs,Not disclosed,"mainframe,jms,spring mvc,SOA,struts,jsp,servlets,JSON","Technical expertise o Experience in responding to RFPs and proposals o Experience in building or work experience mainframe modernization services Mainframe re-hosting,Mainframe re-write o Experience in mainframe modernization consultations like microservices, API-fication, Componentization, o Good understanding and experience in Mainframe Analytics and automation Tool Expertise o Hands on experience with application discovery tool like ADDI, Microfocus analyzer, etc o Experience in zConnect, DB2 Connect o Knowledge and Experience in data analytics tool like IZODA, DVM, IOA, etc.. o Good experience in mainframe scripting like REXX, ZOWE o Experience with Re-hosting solutions Microfocus Server, Raintree, Clarity etc""       Skills (competencies)     .Net core  .NET Framework 6  .Net MVC  ActiveMQ  ADO.NET  Advanced C#  Advanced JavaScript (ES2015)  Agile (Software Development Framework)  Android  Angular  Ansible  API design  API Gateway  API integration  ASP.NET  ASP.NET Core  ASP.NET Core Web API  ASP.NET MVC 5  Assymetric Encryption  Attentiveness  AWS Compute and PAAS  AWS DevOps  AWS Lambda  Azure Boards  Azure Compute  Azure DevOps  Azure Integration Services  Azure Repos  Azure SDK  Azure Security  Azure Storage  Blazor  C#  C/C++  Caching  Cloud Computing  Cloud Migration  Cloud Storage  Cloud Strategy  Collaboration  Compression  Containerization  Continuous Integration and Continuous Delivery (CI/CD)  Core Java  Critical Thinking  CSS3  Data formats JSON XML  Data formats YAML  DevOps  Docker  Entity framework  Entity Framework Core  Git  GitHub  gradle  Groovy  Hashing  Hibernate  HTML5  HTTP and verbs  Hybris  IDE  Java Webservices  JavaScript  Jenkins  Jmeter  JMS ( Java Messaging Service)  jQuery  JSP  junit  Kafka  Kubernetes  Learning Mindset  Linux  Logic Apps  maven  Message Oriented Middleware  Microcontrollers  Microservices  Microsoft SQL Server  mockito  Monitoring and Optimizing Azure Solutions  Mulesoft  Multi-Cloud  MVC Core  Node Js  noSQL  Nunit Testing  OWASP  Problem Solving  Profiling  React  Rest API  Rest Webservices  RTOS  Ruby on Rails  Serial Comunication  Service registry  Servlets  SOA (Service Oriented Architecture)  Software Design patterns  Software Testing  Source Control  Spring Core  Spring Data  Spring MVC  Stakeholder Management  Struts  Symetric Encryption  System Design  Terraform  Time Management  Tuning  Unit Testing  Verbal Communication  Verification and Validation  Vue  WCF  Web API  Written Communication",https://www.naukri.com/job-listings-software-engineer-capgemini-technology-services-india-limited-hyderabad-6-to-8-years-041224916928
050320500662,Software Engineer,Software Engineer,Zettaone Technologies India,Bengaluru,5-10 Yrs,Not disclosed,"jQuery,Coding,MySQL,Javascript,JSON,WCF,MVC,WPF","Overall experience of 4 to 8 years in Software Development.   Responsibilities and Duties      Creates design specifications for high availability and highly scalable applications which will be used by both internal and external customers. Works with clients and Business Analysts to determine software requirements and system impacts.     Generates technical documentation as well as a unit and functional tests.     Mentors junior developers in industry best practices,  procedures,  and concepts.     Is responsible for ensuring the quality of their work as well as the work of the entire development team.     Development,  product maintenance,  and management of development teams Requirements.     Engineering Degree in Computer Science/Engineering,  or equivalent professional experience.     5+ years of related experience with building web portals and/or ecommerce applications using Microsoft technologies.     Expertise in most of the following -  Web API,  MVC,  WCF,  HTML5,  CSS,  JavaScript,  JSON,  SOAP,  REST,  JQuery,  .Net Framework,  C#,  Web Services.     Expert knowledge of object oriented programming.     Knowledge of SQL Server development and database design.     Works closely with the Enterprise Architects and the development teams through all phases of the SDLC.     Investigates new technologies and techniques and researches ongoing industry developments.     Initiates major changes in architecture and software development techniques/processes.     Analyzing business requirements,  processes,  data,  and system integration points to determine/recommend appropriate technology solutions.     Designing,  coding,  testing,  documenting,  and deploying global applications based on system and user requirements.     Experience building customer- facing applications deployed on cloud environments (AWS,  Azure or similar).     Analyze and resolve performance issues in all environments.     Expert knowledge in analyzing,  designing,  and developing solutions to a highly complex problem.     Strong communication skills,  including the ability to convey technical information effectively to both IT and business audiences.     Knowledge of Agile methodology.     Familiar with Unit Test,  Mock,  Test Driven Development,  etc.     Skills    C#,  Windows Forms,  WPF,  WCF,  ASP.Net,  WebAPI,  MVC,  MVVP.     NodeJS,  AngularJS,  Angular X,  ReactJs,  TypeScript.   Qualifications    The candidate should have Bachelor s degree or master s degree in Computer Science Engineering or an equivalent qualification.",https://www.naukri.com/job-listings-software-engineer-zettaone-technologies-india-pvt-ltd-bengaluru-5-to-10-years-050320500662
200319502271,Software Engineer,Software Engineer,Pleasant Inc.,Vadodara,2-5 Yrs,Not disclosed,"Coding,Web development,Debugging,Javascript,Agile,PHP,Windows,Unit testing","Responsibilities

Key Responsibilities in the role:

Writing specifications for projects

Coding ,  unit testing and integration testing for functionality and limits with high quality

deliverables

Debugging and maintaining existing code

Perform product design ,  systems analysis and programming activities on application software

which may require some research

Participate in module design meetings.

Participate actively in code reviews.

Responsible for completing other work requirements or tasks that are requested by

Management

Qualification

B.E. /  M.E. -  Computer Science /  IT ,  MCA

Technical Skills

Windows Development: C  ,  C# ,  ADO.NET ,  Entity Framework

Web Development: C# ,  ASP.NET ,  Web API ,  Entity Framework; PHP ,  HTML5 ,  JavaScript ,  CSS , 

AngularJS

Mobile App Development: iOS ,  Android

Do you have what it takes

We are looking for highly enthusiastic ,  self - motivated and smart engineers who love writing and owning

code and enjoy working with people who will keep challenging you at every stage. You have passion

for cutting edge technology and deep interest to work in a fast - paced result driven agile environment.

Soft Skills

Analytical ,  design and troubleshooting

Research and analysis

Excellent communication and interpersonal skills

Ability to accomplish assigned tasks with minimal supervision",https://www.naukri.com/job-listings-software-engineer-pleasant-inc-vadodara-2-to-5-years-200319502271
100322501053,Full Stack Developer,Full Stack Developer,Vegazva,"Mumbai, Kochi",5-10 Yrs,Not disclosed,"Core Java,MS SQL,jQuery,Struts,JDBC,J2Ee,Web designing,Application development","Full stack developer                      1. C# / ASP.Net MVC, ASP.Net Web Forms and Win Forms   2. Client Side Scripting JavaScript, jQuery, Angular 1.x and CSS   3. Experience on SQL Server 2012 and newer editions   4. Experience with Object-Relational Mappers such as Entity Framework or NHibernate   5. Experience with HTML 5, JSON, Web API, Web Services essential   6. Agile Knowledge   7. Good English (Focus on Collaboration or Fluency)           JD1               Full Stack developer    Experience:- 6+   Must Have Skills:- .Net Core, REST, React, Azure, SQL   Nice to have Skills:- Azure DevOps, Python           JD2               Full Stack developer    Experience:- 6+   Must Have Skills:- .Net Core, REST, React, Azure, SQL   Nice to have Skills:- Azure DevOps, Python           JD3               Must Have Skills :-   Application Design using .Net, SQL Server, React.js, API, Azure, SQL Server       Nice to Have skills:-                             Good Analytical Skills, Problem Solving Skills         JD4              Minimum 5+ years of hands-on working experience                   Degree in a technical field and equivalent work experience                   Proven experience developing large Web applications, SaaS solutions                   Experience working with Microsoft technology Web tack: C#, .NET Core                   Expert level in at least in one of the following technologies: Angular, React                   Proven ability to learn and apply knowledge with latest web technology stack: Redux, Saga, Redis                   Expert level Web applications development using Typescript                   Solid working knowledge of relational database development: MS SQL/SQL Azure, EF 6, EF Core                   Familiarity with basic Azure toolset: KeyVault, Azure Storage, Queues, Blob                   Experience in non-relational databases: Cosmos DB, MongoDB   Unit testing: NUnit, Moq, jest                   Experience using distributed version control systems: Git/SVN                   Experience using collaboration tools: Azure DevOps, Asana, Jira                   Cloud based application development: MS Azure, AWS, Google Cloud   Business analytics knowledge is a big plus: Power BI, Azure Analysis Services Tableau, Anaplan                       Nice to have:                         Responsive Web design experience       Good understanding of HTML5, CSS and SCSS       JSON and Rest API integration       MS Power BI usage and integration",https://www.naukri.com/job-listings-full-stack-developer-vegazva-engineering-pvt-ltd-kochi-cochin-mumbai-5-to-10-years-100322501053
161224903061,Full Stack Developer,Full Stack Developer,IBM,Bengaluru,6-10 Yrs,Not disclosed,"python,visual studio code,react.js,node.js,javascript frameworks,kubernetes,continuous integration,ibm cloud","watsonx Code Assistant is an exciting new offering from IBM that strives to revolutionize enterprise software development with Generative AI. We need your expertise, your motivation and your collaboration to take watsonx Code Assistant to the next level. As a full stack developer for watsonx Code Assistant, you will be responsible for designing and developing components and features for watsonx Code Assistant        Your Role and Responsibilities       As a software developer, you will be responsible for designing, coding, unit-testing, and perform FVT for new functions while rigorously adhering to the team's development processes.  You will be responsible for working in close collaboration with the development and QA team to ensure that defects found in are fixed in a timely manner. The employee will be ultimately responsible for ensuring that any shipped code is delivered on schedule and with quality.  Another duty will be to analyze and fix defects in existing products.  Be part of open, transparent agile teams who always thrive for continuous learning and contribute towards continuous improvement.          Required Technical and Professional Expertise        6+ years of experience  Python programming  Frontend development using JavaScript frameworks, React, Typescript and Node.js  IDE Plugin development- IntelliJ, VSCode and Eclipse  Microservices architecture and design  Source control management, preferably Git            Preferred Technical and Professional Expertise       Experience with AI ML models and evaluation techniques, including Large Language Models  Experience in the analysis of programming languages including parsing techniques or syntax trees  Working with SQL and No-SQL databases  Data transformation with Apache Spark and Ray  Experience with container orchestration platforms like Kubernetes and OpenShift   Knowledge of CI/CD tools like Jenkins, Travis or Tekton  Experience with Cloud Platforms i.e. IBM Cloud, AWS, Azure  Knowledge/Experience with automating infrastructure, testing, and deployments using tools like Tekton, Jenkins or Cypress.",https://www.naukri.com/job-listings-full-stack-developer-ibm-india-pvt-limited-bengaluru-6-to-10-years-161224903061
251119500179,Full Stack Developer,Full Stack Developer,WGBL,Pune,3-8 Yrs,Not disclosed,"jQuery,Front end,GIT,Coding,Postgresql,MySQL,Javascript,MongoDB","Full Stack Developer: (3+ years experience)      We re looking for a Full Stack developer who will take a key role on our team, must be keen about latest technologies and work on new technologies. Must have passion for programming and for writing beautiful code, working in a fast-paced environment to deliver world-class software.     Pune   Responsibilities:      Design overall architecture of the web & mobile application.         Maintain quality and ensure responsiveness of applications.         Collaborate with the rest of the engineering team to design and launch new features.         Maintain coding standards, integrity and organization.         Build mobile applications using hybrid technologies.         Training team about the latest technologies and practices.         Code refactoring.     Requirements:      Must be good at programming, logical and analytical skills         Proficient in Server-side object oriented languages like Ruby, Java etc.         Must have good experience with framework Ruby on Rails         Proficient experience using React JS and React Native.         Web fundamentals like HTML, JavaScript, and CSS         Must be conceptually good to use best suitable design patterns.         Must have knowledge in all stages of software development.         Hands on experience on functional programming languages like closure, scala etc.         Knowledge of code versioning tools such as Git.         Good experience with Javascript Libraries like jQuery         Front-end (CSS) frameworks like Foundation or Bootstrap         CSS preprocessors like Sass or LESS         JavaScript frameworks like AngularJS, Vue.js or Ember etc., or JS-based build tools like Grunt, Gulp, and Bower. MEAN stack         Development experience for both mobile and desktop.         AJAX         API design and development         RESTful Services         Database technologies like MySQL, PostgreSQL, and MongoDB.         Web server technologies like Node.js, Apache, Nginx, ISS, etc.         Automated deployments using Capistrano or other tools.",https://www.naukri.com/job-listings-full-stack-developer-wgbl-pune-3-to-8-years-251119500179
271124500169,Full Stack Developer,Full Stack Developer,Paywize Technologies,Bengaluru,4-5 Yrs,Not disclosed,"GIT,NoSQL,Postgresql,Javascript,Agile,Scrum,MongoDB,Team building","Solutions     Full-time     On-site     Full Stack Developer     Bengaluru,  Karnataka,  India          ,         Job Summary     We are looking for an experienced Software Developer to join our team.  The ideal candidate should have a strong background in JavaScript,  HTML5,  CSS3,  and React/Redux.  They should also have experience with TypeScript,  Node. js (Express),  and SQL/NoSQL databases like PostgreSQL and MongoDB.  The candidate should be proficient in Agile methodologies and have a good understanding of code versioning tools such as Git.      Responsibilities       Participate in the development process,  including code writing and code peer-to-peer reviews.          Cooperate with the QA team to ensure code quality and reliability.          Identify opportunities to improve code efficiency and contribute to software architecture planning.          Maintain code and documentation integrity and organization.          Assist the project owner in estimating new features and accurately matching UI/UX design.          Participate in various team-building and non-development activities such as risk identification and threat modeling.          Build reusable components and keep up with emerging trends and technologies.        Qualifications       Minimum 4-5 years of commercial experience in software development.          Strong knowledge of JavaScript (ES5,  ES6+),  HTML5,  CSS3.          Good understanding of CSS preprocessors like LESS and Sass.          Experience with React/Redux and TypeScript.          Upper-intermediate level of English proficiency.          Strong knowledge of Node. js (Express) and REST API.          Experience working in an Agile environment (Scrum or Kanban).          Experience with build tools,  code coverage,  and testing frameworks like Webpack and Jest.          Experience with SQL and NoSQL databases such as PostgreSQL and MongoDB.          Proficient understanding of code versioning tools like Git.          Experience with Redis and ElasticSearch is a plus.",https://www.naukri.com/job-listings-full-stack-developer-paywize-technologies-pvt-ltd-bengaluru-4-to-5-years-271124500169
031224916145,Backend Developer,Backend Developer,IBM,Kochi,5-10 Yrs,Not disclosed,"redux,html/css,react.js,software engineering,javascript,css,dbms,microservices","Software Developers at IBM are the backbone of our strategic initiatives to design, code, test, and provide industry-leading solutions that make the world run today - planes and trains take off on time, bank transactions complete in the blink of an eye and the world remains safe because of the work our software developers do. Whether you are working on projects internally or for a client, software development is critical to the success of IBM and our clients worldwide. At IBM, you will use the latest software development tools, techniques and approaches and work with leading minds in the industry to build solutions you can be proud of. Your Role and Responsibilities Data and AI Development team is looking for enthusiastic and talented Backend development Engineer to join us. Our services belong to Match360 product portfolio. Our services are tightly integrated with IBM Cloud Pak for Data where customers can access a suite of leading data and AI capabilities in a unified experience. You are a Backend Developer, who will Design, develop and/or re-engineer complex product components, and integrate software packages, programs and reusable objects residing on multiple platforms. As an ambitious individual who can work under senior architect's direction towards agreed targets and goals, you have the ability to manage change and to work under stress. You are curious to learn as demonstrated by your up-to-date technical knowledge. You are a good team player and you are familiar with Agile methodologies and principles and/or have experience working in an Agile team. We seek an applicant who will thrive in an open, dynamic, flexible, fun, spirited, collaborative environment; an individual who desires creative freedom and the opportunity to work in a high performing team.  Job Responsibilities:    As a Backend developer you will be responsible for development/ maintenance/ Support of the Match360 applications through the full systems development lifecycle.   Participate in the design and implementation of sophisticated software systems front end.   You will work with the Product Architects, Product Managers to understand various priorities and work towards the execution.   Participate in software design and code reviews. Reviews include other Software Engineers and are held to ensure a high level of software quality and to share knowledge with team members.   Participate in, and adhere to, professional software engineering practices using such tools and methodologies as Agile Software Development, Test Driven Development, Continuous Integration, Source Code Management (git), and GitHub.   Ensure good code coverage. Support bug fixes during testing and deploy to target environments.   Participate in the planning, creation and execution of automated test cases and load/performance testing. Create/maintain technical documentation.   Hands on experience in handling and debugging customer issues, work with L2 support team.   Maintain a high level of proficiency with Computer Science/Software Engineering knowledge and contribute to the technical skills growth of other team members.   You will be providing vigilance and compliance to various software engineering, support and release processes e.g security, stack upgrades that are free of vulnerabilities etc.   Required Technical and Professional Expertise  5+ years of professional/industrial experience in software development.   Good Expertise in JavaScript, React, Redux, HTML/CSS, NodeJS, Node Express, SaaS, MVC Web Frameworks.   Expertise in RESTful APIs, JavaScript, Java J2EE, Microservices Architecture, MVC Web Frameworks. Expertise with consuming REST APIs from JavaScript based UX   Experience in using messaging brokers like RabbitMQ, Kafka etc   Understanding and experience writing and executing Unit and Integration Tests as part of Test-Driven DevOps Development   Understanding and experience with at least one relational database (DB2, Oracle etc.)   Understanding and experience with Agile, and Design/Implementation and Secure Software Engineering Best Practices   Working knowledge on tools like GitHub, Jenkins, Maven/Gradle.   Experience implementing distributed applications in a container environment   Ability to learn and apply new technologies quickly   Strong sense of ownership of deliverables   Preferred Technical and Professional Expertise  Degree in Computer Science Engineering, or equivalent professional experience.   Working experience on Docker/Kubernetes, RedHat OpenShift, Linux Operating Systems (such as Red Hat, Ubuntu, etc.) , the DevOps   Experience working with open-source technologies.",https://www.naukri.com/job-listings-backend-developer-ibm-india-pvt-limited-kochi-5-to-10-years-031224916145
091224915644,Backend Developer,Backend Developer,IBM,Bengaluru,5-9 Yrs,Not disclosed,"c++,life cycle management,java,debugging,source control management,continuous integration,css,openshift","Your Role and Responsibilities  As a software developer, you will work with clients and others in a multidisciplinary team to define   requirements and develop solutions. You will design, code, and test solutions for IBM Z platform, that use   programming languages including Java, C/C++, Assembler, PL.   Required Technical and Professional Expertise  5-9 years of software development experience   Expertise working with one more of the following languages:Java, C/C++, PL/1, Assembler   Experience in developing tools and products using at least one scripting language -   Ansible, Python, JavaScript, Typescript, Ruby, Rust, Swift, or Kotlin.   Proficient in source control management tools (GitHub, Tekton, Jenkins) and with Agile Life Cycle   Management tools   Strong analytical, debugging and problem-solving skills to analyze issues and defects reported by   customers, customer-facing teams, and test teams   Self-motivated to achieve goals   Ability to innovate in the areas of Product Engineering   Open to cross time zone collaboration   Strong written and verbal communication skills   Ability to use conference and collaboration too.   Preferred Technical and Professional Expertise  Your experience and depth in the following areas will influence your competitiveness for a position as well as specific assignments   Experience with software build technologies   Experience in creating, modernizing and supporting robust CI/CD pipelines   Agile Development Model   IBM Z Architecture, IBM z/OS Systems Programming   Databases and database systems including Db2, Mongo, Couchbase, IMS, SQL /   NoSQL databases   JavaScript, HTML5, CSS3, JavaScript libraries like JQuery, node.js, React, OR angular.js   DOM, JSON, CSS Frameworks, HTTP   Cloud Architectures, Infrastructure (VPC, Kubernetes/OpenShift, Istio, Akamai etc ) and Migrations   Web development, REST API's, and web services.   Knowledge of vs code extension development   Knowledge of Eclipse Plugin extension development   Linux & Windows server environments   Microservice architecture and developing applications leveraging any of the following   frameworks:Springboot, Liberty, Quarkus, Grails,..etc.   Enterprise software projects including feature development, troubleshooting, production support, and customization based on business requirements.   Design and Development of Code using Security Best Practice.",https://www.naukri.com/job-listings-backend-developer-ibm-india-pvt-limited-bengaluru-5-to-9-years-091224915644
221222500537,Backend Developer,Backend Developer,True Choice,Remote,1-3 Yrs,Not disclosed,"Automation,Software design,Coding,Project management,Web development,Javascript,Data structures,Workflow","Work cross-team (project management, data scientists, and developers) with key-stakeholders to design, develop, and deploy critical backend services for web applications (both internal and client-facing)      Design,create, and enhance features for the core web application platform using backend technologies following company and industry best practices      Create and enhance features for tools supporting the creation and deployment of backend services      Create,enhance, and maintain build and deployment automation code for our software development workflow      Create,enhance, and maintain test code (unit, functional, integration, and end-to-end)for all developed software      Create documentation (guides, tutorials, presentations) for developed software to be shared cross-team and with key-stakeholders (across all spectrums of technical knowledge)      Perform self-review and peer-review of software design documentation and written code amongst the engineering team      Perform technical evaluation projects of existing, emerging, or experimental technologies                Position Requirements            Minimum of 3+ years of working experience with a focus on backend web development using current industry technologies      Strong knowledge of professional software engineering practices within the full software development lifecycle including coding standards, code reviews, source control management, build processes, testing, and operations      Strong computer science fundamentals - object-oriented design, data structures,algorithm design, problem-solving, and complexity analysis      Strong proficiency in O.O.P. and O.O.D. with JavaScript (TypeScript is a big plus)      Strong proficiency in O.O.P. and O.O.D. with Java, Python, and/or C# are big pluses      Strong experience building backend applications using NodeJS with SQL and NoSQL databases      Experience building application backends using Java is a big plus      Experience building application frontends using React/Vue/Svelte/Angular (Next.js is aplus)      Experience developing web applications utilizing REST API (GraphQL is a plus)      Experience writing unit, functional, integration, and end-to-end tests using technologies such as Jest/Mocha/TestCafe/Cypress      Experience with the use of containers (Docker) for local development, with CI/CD, and production hosting      Experience with Git (GitHub, BitBucket, etc.) for version control      Experience with AWS (CDK, SAM, Lambda, Fargate)      Experience creating and deploying packages to npm is a major plus      Excellent analytical and problem-solving skills      Excellent short-term and long-term planning skills      Excellent communication skills (written and verbal)      Customer-first mentality",https://www.naukri.com/job-listings-backend-developer-true-choice-remote-1-to-3-years-221222500537
240524500319,Backend Developer,Backend Developer,Fuze Technology India,Bengaluru,3-4 Yrs,Not disclosed,"Computer science,Backend,Front end,Linux,Postgresql,MySQL,Data structures,Apache","Hands on experience in deploying in servers - Jenkins, docker, AWS, Nginx, Apache.      Experience in data validation of NodeJS with JOI using ORM tools like sequalizer.      Proven experience in securing API using JWT web token.      Experience in handling Dashboards and public & private API integration.      Integration of user-facing elements developed by front end developers with server-side logic.      Writing reusable, testable, and efficient code.      Hands-on expertise in REST, MySQL/PostgreSQL, WebSocket, MongoDB, Redis, etc.      Understanding and Implementation of data security principles.      Design and implementation of low-latency, high-availability, and performance applications.      Integration of data storage solutions and Database structure.      Having knowledge of React JS and AngularJS are preferred.      Should be proficient in Linux or Ubuntu Environment with complete knowledge of Application deployment.      Proficiency in multiple JavaScript languages and good Experience and knowledge of open-source tools, frameworks, broader cutting-edge technologies around server-side development.      Excellent data structures and problem-solving skills.      Customer-focused, react well to changes, work with teams and can multitask.          Desired Profile      Bachelor s degree in computer science, information science, or similar.      At least 3 years of experience as a Node.js developer.      Extensive knowledge of JavaScript, web stacks, libraries, and frameworks.      Knowledge of front-end technologies such as HTML5 and CSS3.      Superb interpersonal, communication, and collaboration skills.      Exceptional analytical and problem-solving aptitude.      Great organizational and time management skills.              Benefits      Flexible timings      5 days working      Friendly work culture      Fast growth opportunities to deserving candidates",https://www.naukri.com/job-listings-backend-developer-fuzeindia-bengaluru-3-to-4-years-240524500319
010724501343,Cloud Engineer,Cloud Engineer,Tesseract,"Navi Mumbai, Mumbai",1-3 Yrs,Not disclosed,"Computer science,Backend,GIT,Coding,Agile,Test cases,Open source,JIRA","Experience deploying applications to the Cloud Platform like Azure or AWS .   Experience with Docker / Container,Kubernetes .   Experience writing configuring,deploying,and testing MEAN / MERN Stack . Hands-on experience in prototyping and building solutions using Open Source,NodeJS,ExpressJS,SailsJS,React,Chef / Puppet/Ansible .",https://www.naukri.com/job-listings-cloud-engineer-jio-tesseract-mumbai-navi-mumbai-1-to-3-years-010724501343
160823500409,Cloud Engineer,Cloud Engineer,Ipropal,"Chennai, Pune, Delhi, Mumbai, Bengaluru, Hyderabad, Kolkata",3-5 Yrs,Not disclosed,"Automation,Linux,Networking,GCP,Configuration management,MySQL,Perl,Troubleshooting","We are looking for a cloud engineer capable of working with multi-cloud environments like (AWS, AZURE, GCP) who is passionate about building highly resilient, scalable, and secure architectures. You will be working in a collaborative cross-functional team, building, maintaining, and supporting environments running in the cloud. You will be focused on developing new processes, building automation, and self-service enabling other teams. The cloud engineer will need to be proficient in several cloud services and versatile environments to provide support across platforms, Members of this team will share on-call rotation duties to cover escalations and emergency fixes. This is an exciting opportunity to play a key role in an early adoption into the cloud.     Responsibilities:       Troubleshooting of Cloud infrastructure.         Upgrading and configuring system software that supports infrastructure applications.         Identifying key areas for automation, and optimization to enhance productivity.         Produce written designs and documentation regarding proposed or actual cloud deployments.         Creation of Security groups and VPC rules, listeners, IAM/users.         Configuring Snapshots and backup AMI and restoration of the same.         Responsible for general health and maintenance of cloud service offerings.         Working with CI/CD tools, Jenkins, and AWS Code Pipeline.         Containerization using Kubernetes, Kops, Grafana, Istio, and Service mesh.         Designing, building, and maintaining CI/CD pipelines.         Configuration management (e.g., Puppet, Chef, Ansible, Subversion, Git)       Skills Required       3 to 5 + years of experience in solving complex scaling, fail-over, and networking challenges.         Working with multi-Cloud service providers like AWS, GCP, and Azure.         Experience in a 24x7 hosting environment.         Docker         Kubernetes         Knowledge of CI/CD tools like VSTS and Git         Deep, working knowledge of web, database, and OS server configuration (Linux, Apache, and MySQL preferred platforms)         Knowledge of distributed applications/enterprise applications is a plus.         Proficient with scripting languages like Shell, Ruby, Perl, Python, etc. (any one of them)         Excellent verbal & written communication skills",https://www.naukri.com/job-listings-cloud-engineer-ipropal-allps-kolkata-mumbai-new-delhi-hyderabad-pune-chennai-bengaluru-3-to-5-years-160823500409
211024501924,Cloud Engineer,Cloud Engineer,Dexter Laboratories,Delhi,2-6 Yrs,Not disclosed,"Analytical skills,Backend,Front end,Web technologies,devops,Cloud,Javascript,Deployment","Role:    Develop and maintain web applications using front-end and back-end technologies.           Requirements:    Proficiency in React and Node.js, experience with RESTful APIs, and strong problem-solving skills.         Role:       Develop and maintain web applications using front-end and back-end technologies.                 Requirements   :     Proficiency in React and Node.js, experience with RESTful APIs, and strong problem-solving skills.       Role   :     Design, deploy, and manage cloud infrastructure and services.                 Requirements   :     Experience with AWS, Azure, or Google Cloud, knowledge of DevOps practices, and strong analytical skills.         Role:    Design, deploy, and manage cloud infrastructure and services.           Requirements:    Experience with AWS, Azure, or Google Cloud, knowledge of DevOps practices, and strong analytical skills.",https://www.naukri.com/job-listings-cloud-engineer-dexter-laboratories-pvt-ltd-new-delhi-2-to-6-years-211024501924
301024505503,Cloud Engineer,Cloud Engineer,Bix Bytes Solutions,"Chennai, Mangalore, Bengaluru",2-5 Yrs,Not disclosed,"Cloud computing,Interpersonal skills,Automation,GIT,Linux,Agile,Infrastructure,Windows",". Configuration and managing Azure Storage accounts,Databases,Firewall,Load Balancers,IAM,Key Vaults,etc.,. Proficiency with Git and Agile workflows . Good understanding of network protocols,security best practices,and compliance standards . Strong problem-solving and analytical skills .   Experience:  3+ years",https://www.naukri.com/job-listings-cloud-engineer-bix-bytes-solutions-mangaluru-chennai-bengaluru-2-to-5-years-301024505503
021224502734,Mobile App Developer,Mobile App Developer,RGB Webtech,Chandigarh,1-3 Yrs,Not disclosed,"Manual testing,Coding,Debugging,JSON,Windows,MVC,Visual Studio,microsoft","Design | Development | Marketing | Strategy  Mobile App Developer Job Openings 2024   ""Choose a job you love, and you will never have to work a day in your life.""   Confucius     As an Android Developer, you will be responsible for designing, developing, and maintaining Android applications. You will collaborate with cross-functional teams to create high-quality, user-friendly mobile applications that meet the needs of our users and clients. Your role will involve coding, debugging, and optimizing Android apps while staying up-to-date with the latest industry trends and best practices.  Key Responsibilities:    Design and develop native Android applications from scratch or enhance existing ones to deliver outstanding user experiences.   Write clean, efficient, and maintainable code, and troubleshoot and resolve bugs to ensure the apps stability and reliability.   Work closely with UX/UI designers to implement visually appealing and user-friendly interfaces that align with design guidelines.   Integrate with web services, APIs, and third-party libraries to fetch and send data securely.   Optimize the apps performance, responsiveness, and resource utilization to ensure smooth user interactions and minimal battery consumption.   Use version control systems (e.g., Git) to manage code changes and collaborate effectively with team members.   Write unit tests, conduct manual testing, and collaborate with quality assurance teams to ensure the application functions correctly across various devices and Android versions.   Implement security best practices, including data encryption, authentication, and authorization, to protect user data and maintain compliance with privacy regulations.   Maintain clear and up-to-date documentation for code, APIs, and project-related information to facilitate knowledge sharing and future development.   Stay updated with the latest Android development trends, tools, and technologies, and share your knowledge with the team.   Collaborate with cross-functional teams, including product managers, designers, backend developers, and quality assurance engineers, to deliver high-quality products on time.    Qualifications:  Bachelors degree in Computer Science, Software Engineering, or a related field (or equivalent work experience).   Proven experience as an Android Developer with a portfolio of completed Android apps.   Strong knowledge of Java or Kotlin programming languages.   Proficiency in Android Studio and related development tools.   Familiarity with RESTful APIs, JSON, and web services integration.   Experience with version control systems, particularly Git.   Understanding of design principles, UI/UX guidelines, and Material Design.   Knowledge of mobile app architecture patterns (e.g., MVVM, MVP).   Strong problem-solving and debugging skills.   Ability to work independently and in a team, as well as excellent communication skills.   A passion for staying updated with the latest trends in mobile app development.  Preferred Qualifications:  Experience with cross-platform development frameworks (e.g., Flutter, React Native).   Knowledge of Android Jetpack components and libraries.   Familiarity with cloud services (e.g., Firebase, AWS) for app development.   Understanding of mobile security best practices.   Contributions to open-source Android projects or active participation in the Android developer community.   Benefit from invaluable mentorship provided by seasoned leaders.   Enjoy a vibrant atmosphere enriched with engaging games and activities.   Receive quarterly rewards as a token of recognition for your valuable contributions.   Immerse yourself in a creative and open culture that fosters innovation.   Full-time / Freelance / Part-time / Contract   A minimum duration of 6 months is mandatory.   In case of no prior experience, you have the option to apply for an internship.    Your career is a journey, not a destination. Enjoy every step along the way.    Ready to take the first step toward an exciting career   Share your CV with us and become part of a dynamic team, where innovation and growth are at the heart of everything we do!   Career opportunities for Web Designers, Web Developers, Digital Marketing Experts, and App Developers. Join innovative teams, work on cutting-edge projects, and grow your skills in high-demand fields. Whether you are creative or technical, these roles offer excellent growth prospects and the chance to shape the digital future.   We are seeking a highly skilled and innovative iOS Developer to join our software development team. The ideal candidate will have a passion for creating exceptional iOS applications and a strong understanding of the iOS ecosystem. As an iOS Developer, you will be responsible for designing, developing, testing, and deploying high-quality iOS applications that meet user needs and business objectives.     Collaborate with cross-functional teams, including designers and product managers, to develop iOS applications that meet user requirements.   Design, code, test, and deploy iOS apps, ensuring high performance, security, and user experience.   Develop and maintain the architecture of iOS apps, ensuring scalability and maintainability.   Implement best practices and design patterns for iOS development.   Translate design mockups and wireframes into responsive and visually appealing user interfaces.   Ensure a smooth and intuitive user experience.   Integrate with RESTful APIs, web services, and backend systems to fetch and push data.   Handle data synchronization and caching effectively.   Conduct unit testing and UI testing to identify and fix bugs and performance bottlenecks.   Collaborate with Quality Assurance (QA) teams to ensure app reliability.   Continuously optimize app performance, responsiveness, and load times.   Identify and address memory and storage usage issues.   Use version control systems (e.g., Git) to manage source code efficiently.   Collaborate with team members on code integration.   Maintain clear and comprehensive documentation for code, APIs, and app functionality.   Ensure that code comments and documentation are up to date.   Prepare and submit iOS apps to the Apple App Store, following Apples guidelines and requirements.   Address any issues or rejections from the App Store review process.   Stay up to date with the latest iOS development trends, tools, and technologies.   Make recommendations for the adoption of new technologies when applicable.    Qualifications and Skills:  Bachelors degree in Computer Science, Software Engineering, or a related field (Masters degree is a plus).   Proven experience as an iOS Developer or similar role with a successful track record in iOS app development.   Proficiency in Swift and Objective-C programming languages.   Strong understanding of iOS architecture, design principles, and development best practices.   Experience with iOS development tools, including Xcode and Interface Builder.   Knowledge of RESTful APIs and integration techniques.   Familiarity with version control systems, particularly Git.   Problem-solving skills and attention to detail.   Excellent communication and teamwork skills.   Ability to work collaboratively in an Agile/Scrum development environment.   Published iOS apps on the App Store is a plus.   Opportunities for professional growth and development.   Access to the latest iOS development tools and technologies.   Opportunity to contribute to the development of cutting-edge iOS applications.   As a Windows 11 App Developer, you will be responsible for designing, developing, and maintaining applications that run on the Windows 11 operating system. You will work closely with a team of developers and collaborate with designers and product managers to create high-quality, user-friendly, and innovative applications that leverage the capabilities of Windows 11. Your role will involve coding, debugging, testing, and optimizing applications to ensure they meet performance and usability standards.     Design and develop Windows 11 applications using modern programming languages, such as C#, .NET, and XAML.   Create user interfaces that adhere to Windows 11 design guidelines and provide an exceptional user experience.   Collaborate with team members to review and improve code quality, performance, and maintainability.   Identify and resolve bugs, bottlenecks, and other technical issues in the codebase.   Ensure that applications are compatible with various Windows 11 devices, including desktops, laptops, tablets, and 2-in-1 devices.   Consider responsive design principles for different screen sizes and resolutions.   Integrate with Windows 11 features and APIs, such as Live Tiles, Notifications, Cortana, and Windows Ink, to enhance the functionality of your apps.   Utilize cloud services and third-party APIs when necessary.   Implement security best practices to protect user data and the integrity of the application.   Ensure compliance with Windows Store and Microsofts security guidelines.   Conduct thorough testing, including unit testing and UI testing, to identify and fix issues.   Collaborate with quality assurance teams to ensure high-quality app releases.   Create and maintain documentation for code, APIs, and application architecture.   Provide technical documentation to assist in onboarding new team members.   Stay updated with the latest Windows 11 updates, technologies, and best practices.   Attend workshops, conferences, and training to enhance your skills and knowledge.       Bachelors or higher degree in Computer Science, Software Engineering, or a related field.   Proficiency in programming languages such as C#, .NET, and XAML.   Experience with Windows 11 app development or prior experience with Windows 10 app development.   Familiarity with the Windows 11 design guidelines and user interface principles.   Strong problem-solving and debugging skills.   Knowledge of software development best practices, including version control, code reviews, and testing.   Ability to work collaboratively in a team environment and communicate effectively.   Experience with tools and technologies commonly used in Windows app development, such as Visual Studio, Windows App SDK, and Windows Store submissions.     Experience with Universal Windows Platform (UWP) development.   Familiarity with cloud services and backend development for Windows apps.   Knowledge of Microsoft Azure and DevOps tools.   Published Windows 11 apps on the Microsoft Store.   We are seeking a talented Flutter Developer to join our team. As a Flutter Developer, you will be responsible for developing high-quality mobile applications for both Android and iOS platforms using the Flutter framework. You will work closely with our design and development teams to create visually appealing and user-friendly mobile applications that meet our clients needs.   Develop and maintain mobile applications using the Flutter framework.   Collaborate with cross-functional teams to define, design, and ship new features.   Write clean, maintainable, and efficient code.   Ensure the performance, quality, and responsiveness of applications.   Troubleshoot and debug issues as they arise and implement solutions.   Stay up-to-date with the latest industry trends and technologies related to mobile development.   Participate in code reviews and provide constructive feedback to team members.   Work closely with designers to implement UI/UX designs accurately.   Optimize application performance for a smooth user experience.   Maintain documentation for code, processes, and procedures.  Requirements:  Proven experience as a mobile app developer using the Flutter framework.   Strong knowledge of Dart programming language.   Experience with third-party libraries and APIs.   Familiarity with RESTful APIs and web services integration.   Understanding of mobile app architecture and design patterns.   Knowledge of version control systems (e.g., Git).   Ability to work in a collaborative team environment.   Excellent communication and interpersonal skills.   A portfolio of Flutter projects is a plus.   As a Xamarin Developer, you will play a crucial role in developing cross-platform mobile applications using the Xamarin framework. You will work closely with a team of designers, developers, and project managers to create high-quality mobile solutions for clients or internal projects. Your expertise in C# and Xamarin will be essential in delivering applications that run seamlessly on iOS, Android, and other platforms.     Design, develop, and maintain cross-platform mobile applications using Xamarin, adhering to industry best practices and coding standards.   Collaborate with designers to implement user interfaces and ensure a smooth and visually appealing user experience.   Write efficient, reusable, and modular code to enhance application performance and maintainability.   Integrate third-party libraries, APIs, and services to extend app functionality and enhance user experience.   Identify and resolve bugs, performance issues, and other technical problems to maintain application stability.   Ensure the applications compatibility across multiple platforms, including iOS and Android.   Participate in code reviews to maintain code quality and promote knowledge sharing within the development team.   Create and maintain technical documentation, including design documents, code comments, and user guides.   Conduct unit tests and collaborate with QA teams to ensure the application meets quality standards and is free from critical issues.   Stay updated with the latest Xamarin and mobile development trends, tools, and technologies to enhance your skills and contribute to innovative solutions.   Identify and implement performance optimizations to ensure fast and responsive mobile applications.     Proven experience in mobile app development using Xamarin.Forms or Xamarin.Native.   Strong proficiency in C# and .NET Framework.   Knowledge of cross-platform mobile development best practices.   Familiarity with mobile architecture patterns such as MVVM or MVC.   Experience with RESTful APIs and third-party integrations.   Understanding of mobile app deployment processes on both iOS and Android platforms.   Proficiency in version control systems, such as Git.   Excellent problem-solving skills and attention to detail.   Strong communication and collaboration skills.   Ability to work effectively in a team and independently.  Preferred Skills:  Experience with Xamarin.Forms, Xamarin.Android, and Xamarin.iOS.   Knowledge of XAML for designing user interfaces.   Familiarity with cloud services like Azure or AWS.   Experience with mobile application security practices.   Knowledge of automated testing frameworks for Xamarin.",https://www.naukri.com/job-listings-mobile-app-developer-rgb-webtech-chandigarh-1-to-3-years-021224502734
051020501691,Mobile App Developer,Mobile App Developer,South Nests,Chennai,3-8 Yrs,Not disclosed,"Web technologies,html5,Application programming,Analytical,IT skills,android studio,Javascript,Mobile applications","Individuals who are highly motivated with minimum 3 years of experience in the same role  IT Skills Required: React Native,Node JS,Express.js,React.js,Typescript  Individuals who have good understanding and hands-on experience in developing React Native Applications for iOS and Android  Individuals with good analytical,planning and implementation skills",https://www.naukri.com/job-listings-mobile-app-developer-south-nests-software-solutions-pvt-ltd-chennai-3-to-8-years-051020501691
091219501960,Mobile App Developer,Mobile App Developer,Healthskool Pharmacy,Vijayawada,0-3 Yrs,Not disclosed,"Manager Quality Assurance,C,Quality testing,html5,Javascript,IOS,Android,CSS3","Designing and Developing Mobile App with IOS Objective- C and Android Devices.     Key Survey Findings,  Java,  .NET,  CSS3,  JavaScript,  Quality testing and quality assurance,  User interface,  HTML5,  Objective C       Qualification :    B.Tech,  M.Tech,  MSc,  MCA, ,  B.Sc (Computers)",https://www.naukri.com/job-listings-mobile-app-developer-disruptive-it-solutions-private-limited-vijayawada-0-to-3-years-091219501960
121224504794,Mobile App Developer,Mobile App Developer,Design Qandy,Mumbai,2-5 Yrs,Not disclosed,"Publishing,GIT,Manager Quality Assurance,Networking,MVVM,Debugging,JSON,MVC","Job Description -              Who are we           Design Qandy delivers personalised luxury interior design to India s discerning homeowners and corporates. Led by highly admired luxury brand builders, internationally trained designers, world-class technology professionals and curated teams of turnkey project execution specailists. We seek perfection in design and are committed to bringing back trust and excitement in the design process.     Know more about us on and        Our work culture     We are a lean team of high performing go-getters, we take ownership in our roles and lead with knowledge. Debates and discussions are an important part of our culture and we encourage people to bring unique perspectives to their conversations. Most importantly, we love solving problems.   Each day is inspiring and we encourage you to apply for this role and experience it for yourself.       What would you be required to do         Developing new features and user interfaces from wireframe models         Ensuring the best performance and user experience of the application         Fixing bugs and performance problems         Writing clean, readable, and testable code         Cooperating with back-end developers, designers, and the rest of the team to deliver well-architected and high-quality solutions         Complete knowledge of Uploading app on google play store and Apple app store         What skills we are looking for         Good communication skill to communicate with stakeholders, project managers, quality assurance teams, Regularly and other developers regarding progress on the long-term technology roadmap         Curious and progressive mind to Create and maintain workflows with teams to provide visibility and to ensure workload balance for consistent visual designs         Good technical knowledge to Produce quality code, raising the bar for the whole team on quality and speed         Through analytical skills to Recommend system solutions by comparing advantages and disadvantages of custom development and purchase alternatives         Who qualifies         Extensive knowledge about mobile app development. This includes the whole process, from the first line of code to publishing in the store(s)         Deep knowledge of Cordova, ionic, Android, iOS, etc.         Proficiency with writing automated tests in JUnit, Espresso, Mocha, Jest, Enzyme, XCTest, etc. depending on the libraries you use to test         Familiarity with RESTful APIs and mobile libraries for networking, specifically Retrofit, Axios, Alamofire, etc.         Familiarity with the JSON format         Experience with profiling and debugging mobile applications         Strong knowledge of architectural patterns - MVP, MVC, MVVM, and Clean Architecture - and the ability to choose the best solution for the app         Familiarity with Git         Familiarity with push notifications         Understanding mobile app design guidelines on each platform and being aware of their differences         Proficiency in Kotlin/Java/Swift/Flutter/Dart",https://www.naukri.com/job-listings-mobile-app-developer-design-qandy-mumbai-2-to-5-years-121224504794
011223501499,Frontend Developer,Frontend Developer,Techverito Software Solutions,Pune,4-6 Yrs,Not disclosed,"Automation,Backend,Front end,DOM,Business Analyst,Web development,Javascript,Risk analysis","As a Frontend Developer, you will be in charge of all duties related to the frontend client platform, from developing designs for complicated applications      This includes reviewing software and business specifications, ensuring UI/UX feasibility, and implementing front-end code optimizations to ensure a smooth user experience            Requirements      4-6 years of proven and progressive experience in TypeScript, and Microservices with Node.js, CSS3, and HTML5.      Strong understanding of Javascript fundamentals with a strong understanding of the DOM and browser APIs.      Full-stack web development experience.      Experience with a responsive design for desktop/mobile.      Experience with Javascript frameworks, such as React, Angular, or Vue.      Experience working with Microservices with Node.js                Responsibilities          Develop and enhance the performance of the main front-end website.      Work with business analysts to review business requirements, and UI designers to ensure technical feasibility of concepts.      Collaborate with backend developers to set up scalable API architectures.      Maintain frontend infrastructure, monitored for exceptions in the code, and debugged any faults that occurred in production.      Perform requirements analysis, identification of code metrics, code analysis, system risk analysis, usability, automation, and software reliability analysis.                Benefits          Work-Life Balance      Learning & Development      Sabbatical Leave      Parental Leaves      Profit-Sharing      Office Perks (Free Meal, Snacks)",https://www.naukri.com/job-listings-frontend-developer-techverito-software-solutions-llp-pune-4-to-6-years-011223501499
091023500990,Frontend Developer,Frontend Developer,Highrise solutions,Pune,7-12 Yrs,Not disclosed,"Content management,RDBMS,XML,Javascript,CMS,HTML,JSON,microsoft","The Software Engineer - Full Stack is responsible for developing and maintaining modular, reusable back-end components using Nodejs, Java,      NET and any headless CMS like Builderio      Additionally, the Engineer will be responsible for developing and maintaining reusable user interface components with Reactjs, Nextjs and Angular              ESSENTIAL FUNCTIONS:          Contribute to backend design, technical direction, and backend architecture including collaborating with various teams          Translate designs and process wireframes into high-quality code          Design efficient and reusable backend systems that drive complex applications, front-end systems that drive complex web applications, components that drive mobile applications          Implement the features and user interfaces using React.js, Next.js, and Angular          Optimize components for maximum performance across a vast array of web-capable devices and browsers.          Create microservices using Node.js, Java, and .NET.          Building cloud applications with Amazon Web Services (AWS) using services like API Gateway, Lambda, SQS, EventBridge, and S3.          Build reusable components and front-end libraries for future use utilizing technologies like Stencil and Storybook.          Collaborate closely with designers to craft and implement interactive, user-friendly UI templates using React and Next.js.          Develop dynamic and reusable UI components that integrate seamlessly with the Headless CMS (Builder.io) for content management.          Create testable, universally available applications and services with monitoring and alerting          Identify and resolve performance and scalability issues          Stay on top of technology changes in the market and continuously look for opportunities to leverage modern technology          Participate in code reviews, proactively identifying and mitigating potential issues and defects as well as assisting with continuous improvement          Develop automated testing plans and automate the delivery of components using CI/CD.          Optimize components for maximum performance across a vast array of devices          Participate in the execution of business goals          Mentor less experienced team members          Collaborate with Product Designers, Product Managers, and other Software Engineers to deliver compelling user-facing products          Must be able to perform the essential functions of the job, with or without reasonable accommodation.          Other duties as assigned          REPORTING RELATIONSHIPS:        Reports to Senior Manager, Digital Applications        QUALIFICATIONS:          Bachelor s degree in Computer Science / related engineering field OR equivalent experience          in related field          7+ years of experience in backend development, front end development, and mobile development (Android and iOS)          3+ years of experience in Node.js (JavaScript & Typescript), Java, .NET C#          Strong understanding of JavaScript and related technologies in Amazon Web Service (AWS), Azure, Google Cloud.          Experience with popular Node.js frameworks (Express.js, Serverless Framework, etc.)          Strong proficiency in JavaScript, including DOM manipulation, the JavaScript object model, and the event loop.          Proficient in profiling and improving the performance of both back-end and front-end components, as well as mobile applications.          Familiarity with new specifications of ECMAScript and Typescript.          Understanding the nature of asynchronous programming and its quirks and workarounds.          Good understanding of any server-side templating languages .          Experience with RESTful APIs and GraphQL/AppSync.          Have a strong understanding of concepts like concurrency, parallelism, event driven architecture.          Have experience with REST-ful APIs for internal and external products.          Experience with technologies like Redis, Elasticsearch, NoSQL, RDBMS, Queues, Event Bus and Cloud Functions.          Knowledgeable of modern authorization mechanisms such as JSON Web Tokens, oAuth2, AWS Cognito, Key Cloak.          Ability to author modern CI/CD build pipelines and familiarity with the latest industry tools like Terraform and AWS CDK.          Experience with common JavaScript development tools such as Babel, Webpack, NPM, Node, etc. and testing frameworks (Jest, Mocha, etc.)          Strong understanding of HTML, CSS, JavaScript, Typescript, and related web technologies along with progressive web applications          Experience with popular React.js and Next.js workflows (Flux, Redux, etc.).          Knowledgeable of isomorphic React.          Familiar with modern front-end pipelines and tools like micro-frontends, Next.js, StencilJs, Storybook.          Ability to understand business requirements and translate them into technical designs.          Familiarity with Git code versioning tools.          Good written and verbal communication skills.          Able to work autonomously with little direction. They should be self-motivated, proactive, and able to take ownership of their work. The candidate should have a history of delivering high-quality work on time and have excellent critical thinking skills. They should be able to prioritize tasks and manage their time effectively, while keeping stakeholders informed of progress. The candidate should be comfortable with ambiguity and be able to make decisions independently.          Great collaborator.          CRITICAL COMPETENCIES FOR SUCCESS:          Analytical Skills: Demonstrate aptitude towards analytical and critical thinking skills and the ability to conceptually pull together patterns or connections that are not clearly related; ability to assess relevant facts, identify alternative approaches and provide the best course of action.          Strategic Agility: Eagerness and ability to learn quickly and leverage a flexible mindset in response to shifting dynamics, adversity, and/or change; continually pushes oneself, their teams, and their businesses to learn, to generate innovative ideas          Disciplined Execution: Orientation towards a process-focused, decisive course of action that will ensure client/customer needs are met with a high standard of excellence, urgency, and predictability; focused on the task at hand in the face of ambiguity and applies past experiences and expertise to consistently pull through results.          Organizational Collaboration: Ability to partner across organizational lines and work cooperatively within and outside one s own team to best serve client needs and exceed the expectations of end customers and clients; actively supports key decisions and promote a spirit of teamwork to demonstrate the commitment to the company.          WORK CONDITIONS:          Must possess comfort in learning, training, and engaging with others through Microsoft Teams and Zoom",https://www.naukri.com/job-listings-front-end-developer-highrise-solutions-pune-7-to-12-years-091023500990
141024501866,Frontend Developer,Frontend Developer,Upsmart Solutions,"Chennai, Pune, Delhi, Mumbai, Bengaluru, Hyderabad, Kolkata",4-8 Yrs,Not disclosed,"Unix,Front end,Linux,Web development,Agile,HTML,Scrum,Unit testing","Very Strong experience on UI Frameworks like Angular JS, Node JS, React JS, bootstrap.           Hands on experience working on ReactJS + Python/Snowflake/AWS            Very Strong experience on front end technologies using HTML5, CSS3, Bootstrap & SASS         Strong visual design skills and familiarity with visual and interactive design trends.         Strong experience in JavaScript/TypeScript & ReactJs / NodeJs /AngularJs         Experience in unit testing code with JEST / enzyme / Jasmine / Mocha / Chai is desired         Should have a deep understanding of designing UI on Cross-platform devices.         Experience on relational database SQL databases.         In-depth experience in responsive web design and development.         Experience designing solutions Node JS, in-depth working knowledge of various design patterns and best practices are needed.         In-depth knowledge and experience on web development including CSS, Javascript and HTML         Strong knowledge Agile process and tools like Jira.         Hands experience in Linux/Unix Platform with knowledge day to day routine commands.         Java, REST API Programming Design and development is an added advantage.         Strong knowledge on DevOps process with enterprise architecture.         Work with SME and scrum manager directly to understand the business & functional requirement.         Strong knowledge on the validation process and deployment strategy.         Co-ordinates with various team on time with high quality deliverables.",https://www.naukri.com/job-listings-front-end-developer-upsmart-solutions-llc-kolkata-mumbai-new-delhi-hyderabad-pune-chennai-bengaluru-4-to-8-years-141024501866
261124010315,Frontend Developer,Frontend Developer,Techsbeta,"Aligarh, Delhi NCR",0-3 Yrs,Not disclosed,"React.Js,MySQL,Flutter,Angular","We are looking for a talented and motivated Frontend App Developer to join our team and play a key role in creating engaging, intuitive, and responsive user interfaces for our web and mobile applications.    Responsibilities:    Design, develop, and maintain the front-end of mobile and web applications with a focus on user experience and performance.  Collaborate with UI/UX designers to implement and refine visual and interactive elements.  Write clean, efficient, and maintainable code using modern frontend technologies.  Ensure responsive design and cross-platform compatibility (mobile, tablet, desktop).  Optimize applications for maximum speed and scalability.  Integrate APIs and third-party services into the frontend application.  Stay up-to-date with emerging trends and technologies in frontend development.  Conduct regular code reviews and maintain high-quality standards for frontend development.  Troubleshoot and debug issues across web and mobile platforms.  Work closely with backend developers to ensure seamless integration between frontend and backend services.  Participate in agile development processes, including sprint planning, stand-ups, and retrospectives.     Requirements:    Proven experience as a Frontend Developer, with a strong portfolio of web or mobile applications.  Proficiency in HTML5, CSS3, JavaScript (ES6+), and frontend frameworks such as React, Angular, or Vue.js.  Experience with mobile-first design and responsive web development.  Knowledge of modern build tools and version control systems (e.g., Webpack, Git).  Familiarity with RESTful APIs and integration of external data sources.  Strong problem-solving skills and attention to detail.  Experience with state management libraries (e.g., Redux, Context API) is a plus.  Ability to collaborate in a fast-paced team environment and communicate effectively.  Knowledge of mobile app development frameworks like React Native or Flutter is a plus.  Bachelors degree in Computer Science, Engineering, or a related field (or equivalent experience).",https://www.naukri.com/job-listings-front-end-developer-techsbeta-aligarh-delhi-ncr-0-to-3-years-261124010315
050424501838,React JS Developer,React JS Developer,Rayvat,Gandhinagar,1-6 Yrs,Not disclosed,"Javascript,Development,React.js","As a React JS Developer at Jenya, you'll play a key role in designing and implementing interactive user interfaces for our web applications. You'll collaborate closely with our team of designers, developers, and project managers to deliver engaging and intuitive user experiences that meet our clients' needs.               Responsibilities:                 Develop responsive web applications using React JS.          Stay up to date with React JS and related technologies like ES6 features, Redux, React Query, Redux Toolkit, and basic knowledge of Next JS.          Implement user interface components and features based on design mockups and requirements.          Collaborate with back-end developers to integrate front-end components with server-side logic.          Optimize applications for maximum performance and scalability.          Conduct code reviews and provide constructive feedback to team members.          Troubleshoot and debug issues to ensure smooth operation of web applications.              Requirements:                 Bachelor's degree in Computer Science, Engineering, or a related field, or equivalent experience.          Proven experience developing web applications using React JS.          Strong proficiency in JavaScript, HTML, CSS, and related web technologies.          Experience with state management libraries such as Redux or Context API.          Familiarity with front-end build tools and package managers like Webpack and npm.          Knowledge of modern web development principles and best practices.          Excellent problem-solving and analytical skills.          Ability to work independently and in a team environment.          Strong communication and collaboration skills.              Nice to Have:                 Experience with other front-end frameworks/libraries such as Angular or Vue.js.          Knowledge of back-end technologies like Node.js, Express.js, or MongoDB.          Familiarity with RESTful APIs and GraphQL.          Understanding of responsive design principles and cross-browser compatibility.          Experience with version control systems such as Git.",https://www.naukri.com/job-listings-react-js-developer-rayvat-outsourcing-gandhinagar-1-to-6-years-050424501838
070324501189,React JS Developer,React JS Developer,Sab Paisa,Delhi,0-2 Yrs,Not disclosed,"Computer science,Payment processing,MySQL,Web development,Javascript,Agile,HTML,Scrum",". Bachelors or Masters engineering degree in Computer Science   . Proficient in PostgreSQL / MySQL,Node.js and,ReactjS Must have built REST APIs  Experience deploying apps on any of the public cloud providers like AWS  Experience with common development tools such as Yarn,Git,Visual Studio Code,BitBucket,etc",https://www.naukri.com/job-listings-react-js-developer-sabpaisa-new-delhi-0-to-2-years-070324501189
101022502832,React JS Developer,React JS Developer,TrivialWorks,Lucknow,2-4 Yrs,Not disclosed,"SAN,French,Version control,GIT,Javascript,Web designing,Visual Studio,Android","Should be able to translate mockups and wireframes into the mobile app and web design  Skills Required:  . . Reactjs,react,Hooks,Functional components,and Redux. . Desired Candidate Profile   Preferred understanding of the Node.js based tooling like Webpack,NPM,Babel,ExpressJS,etc    Must have excellent interpersonal,verbal,and written communication skills",https://www.naukri.com/job-listings-react-js-developer-trivialworks-solutions-pvt-ltd-lucknow-2-to-4-years-101022502832
230922501832,React JS Developer,React JS Developer,Lucent Innovation,Ahmedabad,1-5 Yrs,Not disclosed,"jQuery,GIT,Web technologies,Coding,html5,Front end design,Web development,Javascript",". Understanding of the entire web development process,with an emphasis on front end design and development . Must Skills: ReactJs,Redux,Es6,JavaScript,jQuery,For Loop (If,Switch),Array,Basic Maths Concept,Html 5,CSS3,Array,Computer Science basic   . Strong experience is required about Rest API",https://www.naukri.com/job-listings-reactjs-developer-lucent-innovation-ahmedabad-1-to-5-years-230922501832
